2021,Shang-Chi and the Legend of the Ten Rings ,223846343,24437373
2021,Venom: Let There be Carnage ,197007650,21507385
2021,Black Widow ,183651655,20049307
2021,F9: The Fast Saga ,173005945,18887111
2021,A Quiet Place: Part II ,160215261,17490749
2021,No Time to Die ,143010207,15612468
2021,Free Guy ,121498751,13264055
2021,Jungle Cruise ,116944343,12766849
2021,Godzilla vs. Kong ,100563133,10978507
2021,Halloween Kills ,89699535,9792525
2021,Cruella ,86103234,9399916
2021,Dune ,84116356,9183008
2021,Eternals ,71297219,7783539
2021,Space Jam: A New Legacy ,70528072,7699571
2021,The Conjuring: The Devil Made Me Do It ,65565074,7157759
2021,Candyman ,61181560,6679209
2021,The Boss Baby: Family Business ,57300280,6255489
2021,The Suicide Squad ,55800219,6091726
2021,The Addams Family 2 ,54934210,5997184
2021,Raya and the Last Dragon ,54723032,5974130
2021,Old ,48242510,5266649
2021,Kimetsu no Yaiba: Mugen Ressha-Hen ,47700000,5207423
2021,Tom and Jerry ,46000271,5021863
2021,The Forever Purge ,44539245,4862362
2021,Mortal Kombat ,42201013,4607097
2020,Bad Boys For Life ,204417855,22316359
2020,1917 ,157901466,17238151
2020,Sonic The Hedgehog ,146066470,15946121
2020,Star Wars: The Rise of Skywalker ,124496308,13591300
2020,Birds of Prey (And the Fantabulous Emancipation of One Harley Quinn) ,84158461,9187604
2020,Jumanji: The Next Level ,80897495,8831604
2020,Dolittle ,77047065,8411251
2020,The Invisible Man ,64914050,7086686
2020,The Call of the Wild ,62342368,6805935
2020,Onward ,61555145,6719993
2020,Tenet ,57929000,6324126
2020,Halloween ,47274000,5160917
2020,Little Women ,37593127,4104053
2020,The Gentlemen ,36471796,3981637
2020,Just Mercy ,35733621,3901050
2020,Knives Out ,35244610,3847664
2020,The Croods: A New Age ,34558715,3772785
2020,Gisaengchung ,29518856,3222582
2020,Wonder Woman 1984 ,28500000,3111353
2020,Frozen II ,26934045,2940397
2020,Fantasy Island ,26441782,2886657
2020,The New Mutants ,23855569,2604319
2020,Like a Boss ,22169514,2420252
2020,Unhinged ,20831465,2274177
2020,The Photograph ,20578185,2246526
2019,Avengers: Endgame ,858373000,93708843
2019,The Lion King ,543638043,59349131
2019,Frozen II ,450439533,49174621
2019,Toy Story 4 ,434038008,47384062
2019,Captain Marvel ,426829839,46597144
2019,Star Wars: The Rise of Skywalker ,390706234,42653519
2019,Spider-Man: Far From Home ,390532085,42634507
2019,Aladdin ,355559216,38816508
2019,Joker ,333772511,36438047
2019,Jumanji: The Next Level ,235933751,25756959
2019,It: Chapter Two ,211593228,23099697
2019,Us ,175084580,19114037
2019,Fast & Furious Presents: Hobbs & Shaw ,173956935,18990932
2019,John Wick: Chapter 3 - Parabellum ,171015687,18669834
2019,How to Train Your Dragon: The Hidden World ,160799505,17554531
2019,The Secret Life of Pets 2 ,158874395,17344366
2019,PokÃ©mon: Detective Pikachu ,144105346,15732025
2019,Once Upon a Time in Hollywood ,141096530,15403551
2019,Shazam! ,140371656,15324417
2019,Aquaman ,136001983,14847378
2019,Knives Out ,130119450,14205180
2019,Dumbo ,114766307,12529073
2019,Maleficent: Mistress of Evil ,113294737,12368421
2019,Glass ,111048468,12123195
2019,Godzilla: King of the Monsters ,110500138,12063334
2018,Black Panther ,700059566,76845177
2018,Avengers: Infinity War ,678815482,74513225
2018,Incredibles 2 ,608581744,66803704
2018,Jurassic World: Fallen Kingdom ,417719760,45852883
2018,Deadpool 2 ,324512774,35621600
2018,Dr. Seuss' The Grinch ,266280410,29229463
2018,Jumanji: Welcome to the Jungle ,235506359,25851411
2018,Mission: Impossible - Fallout ,220159104,24166751
2018,Ant-Man and the Wasp ,216648740,23781420
2018,Solo: A Star Wars Story ,213767512,23465149
2018,Venom ,213429141,23428006
2018,A Star is Born ,201157885,22080997
2018,Aquaman ,199059824,21850694
2018,Bohemian Rhapsody ,189813133,20835690
2018,A Quiet Place ,188024361,20639337
2018,Ralph Breaks The Internet ,187152693,20543654
2018,Crazy Rich Asians ,174519335,19156897
2018,Hotel Transylvania 3: Summer Vacation ,167500092,18386398
2018,Halloween ,159341510,17490835
2018,Fantastic Beasts: The Crimes of Grindelwald ,156781859,17209864
2018,The Meg ,145443742,15965285
2018,Ocean's 8 ,140218711,15391736
2018,Mary Poppins Returns ,138817262,15237899
2018,Ready Player One ,137690172,15114179
2018,Spider-Man: Into The Spider-Verse 3D ,133978231,14706721
2017,Star Wars Ep. VIII: The Last Jedi ,517218368,57660910
2017,Beauty and the Beast ,504014165,56188870
2017,Wonder Woman ,412563408,45993691
2017,Guardians of the Galaxy Vol 2 ,389813101,43457424
2017,Spider-Man: Homecoming ,334201140,37257652
2017,It ,327481748,36508556
2017,Thor: Ragnarok ,311225150,34696226
2017,Despicable Me 3 ,264624300,29501036
2017,Logan ,226277068,25225983
2017,The Fate of the Furious ,225764765,25168870
2017,Justice League ,225546295,25144514
2017,Dunkirk ,188373161,21000352
2017,Coco ,179834199,20048405
2017,The Lego Batman Movie ,175750384,19593131
2017,Get Out ,175484140,19563449
2017,The Boss Baby ,175003033,19509814
2017,Pirates of the Caribbean: Dead Men Tell No Tales ,172558876,19237332
2017,Jumanji: Welcome to the Jungle ,169002557,18840865
2017,Kong: Skull Island ,168052812,18734985
2017,Hidden Figures ,167620331,18686770
2017,Cars 3 ,152901115,17045832
2017,War for the Planet of the Apes ,146880162,16374600
2017,Split ,138141585,15400399
2017,Transformers: The Last Knight ,130168683,14511558
2017,Wonder ,121559294,13551761
2016,Finding Dory ,486295561,56219140
2016,Rogue One: A Star Wars Story ,424987707,49131526
2016,Captain America: Civil War ,408084349,47177381
2016,The Secret Life of Pets ,368384330,42587783
2016,The Jungle Book ,364001123,42081054
2016,Deadpool ,363070709,41973492
2016,Zootopia ,341268248,39452976
2016,Batman v Superman: Dawn of Justice ,330360194,38191930
2016,Suicide Squad ,325100054,37583821
2016,Doctor Strange ,230107790,26602056
2016,Fantastic Beasts and Where to Find Them ,222675573,25742841
2016,Moana ,210046114,24282787
2016,Star Wars Ep. VII: The Force Awakens ,194453283,22480148
2016,The Revenant ,182765375,21128945
2016,Sing ,166497820,19248302
2016,Jason Bourne ,162192920,18750626
2016,Star Trek Beyond ,158848340,18363969
2016,X-Men: Apocalypse ,155442489,17970229
2016,Trolls ,150130292,17356103
2016,Kung Fu Panda 3 ,143528619,16592903
2016,Ghostbusters ,128350574,14838216
2016,Central Intelligence ,127440871,14733049
2016,The Legend of Tarzan ,126643061,14640816
2016,Sully ,124976335,14448131
2016,Bad Moms ,113257297,13093329
2015,Star Wars Ep. VII: The Force Awakens ,742208942,88043765
2015,Jurassic World ,652270625,77374926
2015,Avengers: Age of Ultron ,459005868,54449094
2015,Inside Out ,356461711,42284900
2015,Furious 7 ,353007020,41875091
2015,American Sniper ,347897084,41268930
2015,Minions ,336045770,39863081
2015,The Hunger Games: Mockingjay - Part 2 ,274185395,32524957
2015,The Martian ,225345353,26731359
2015,Cinderella ,201151353,23861370
2015,Spectre ,197102585,23381090
2015,Mission: Impossible - Rogue Nation ,195042377,23136699
2015,Pitch Perfect 2 ,184296230,21861949
2015,Ant-Man ,180202163,21376294
2015,Home ,177397510,21043595
2015,Hotel Transylvania 2 ,168471018,19984700
2015,Fifty Shades of Grey ,166167230,19711415
2015,The SpongeBob Movie: Sponge Out of Water ,162994032,19334997
2015,Straight Outta Compton ,161197785,19121920
2015,San Andreas ,155190832,18409351
2015,Mad Max: Fury Road ,153214368,18174895
2015,The Divergent Series: Insurgent ,130179072,15442357
2015,Kingsman: The Secret Service ,128261724,15214914
2015,The Peanuts Movie ,128235584,15211813
2015,The Good Dinosaur ,114766932,13614108
2014,Guardians of the Galaxy ,333055258,40765637
2014,The Hunger Games: Mockingjay - Part 1 ,323734502,39624786
2014,Captain America: The Winter Soldier ,259746958,31792773
2014,The Lego Movie ,257784718,31552597
2014,Transformers: Age of Extinction ,245439076,30041502
2014,Maleficent ,241407328,29548020
2014,X-Men: Days of Future Past ,233921534,28631766
2014,The Hobbit: The Battle of the Five Armies ,220602017,27001470
2014,Big Hero 6 ,211207036,25851534
2014,Dawn of the Planet of the Apes ,208545589,25525775
2014,The Amazing Spider-Man 2 ,202853933,24829122
2014,Godzilla ,200676069,24562554
2014,22 Jump Street ,191719337,23466259
2014,Teenage Mutant Ninja Turtles ,191204754,23403274
2014,Interstellar ,182802094,22374797
2014,How to Train Your Dragon 2 ,177002924,21664984
2014,Gone Girl ,166197583,20342421
2014,Divergent ,150947895,18475874
2014,Neighbors ,150086800,18370477
2014,Ride Along ,134202565,16426262
2014,Rio 2 ,131538435,16100175
2014,Lucy ,126573960,15492528
2014,The Fault in Our Stars ,124872350,15284253
2014,Lone Survivor ,124768916,15271593
2014,Mr. Peabody & Sherman ,111506430,13648277
2013,Iron Man 3 ,408992272,50306552
2013,The Hunger Games: Catching Fire ,407139699,50078683
2013,Despicable Me 2 ,367956735,45259130
2013,Frozen ,296691729,36493447
2013,Man of Steel ,291045518,35798956
2013,Monsters University ,268488329,33024394
2013,Gravity ,255621667,31441779
2013,Fast and Furious 6 ,238679850,29357915
2013,Oz the Great and Powerful ,234770996,28877121
2013,The Hobbit: The Desolation of Smaug ,228934309,28159201
2013,Star Trek Into Darkness ,228778661,28140056
2013,Thor: The Dark World ,203449204,25024502
2013,World War Z ,202359711,24890493
2013,The Croods ,187168425,23021946
2013,The Heat ,159581587,19628731
2013,Were the Millers ,150394119,18498661
2013,The Great Gatsby ,144840419,17815549
2013,The Conjuring ,137400141,16900386
2013,Identity Thief ,134506920,16544516
2013,Grown Ups 2 ,133668525,16441392
2013,The Wolverine ,132556852,16304655
2013,G.I. Joe: Retaliation ,122523060,15070487
2013,Now You See Me ,117723989,14480195
2013,Cloudy with a Chance of Meatballs 2 ,117614237,14466695
2013,Lee Daniels' The Butler ,116293662,14304263
2012,The Avengers ,623357910,78311295
2012,The Dark Knight Rises ,448139099,56298881
2012,The Hunger Games ,408010692,51257624
2012,Skyfall ,296804366,37286980
2012,"The Twilight Saga: Breaking Dawn, Part 2 ",289133356,36323285
2012,The Hobbit: An Unexpected Journey ,263834893,33145087
2012,The Amazing Spider-Man ,262030663,32918425
2012,Brave ,237277071,29808677
2012,Ted ,218665740,27470570
2012,Madagascar 3: Europe's Most Wanted ,216391482,27184859
2012,Dr. Seuss' The Lorax ,214030500,26888253
2012,Men in Black 3 ,179020854,22490057
2012,Wreck-It Ralph ,178501640,22424829
2012,Ice Age: Continental Drift ,161204082,20251769
2012,Snow White and the Huntsman ,155136755,19489542
2012,Hotel Transylvania ,146172361,18363361
2012,Lincoln ,144089046,18101638
2012,Taken 2 ,139284764,17498085
2012,21 Jump Street ,138447667,17392922
2012,Prometheus ,126477084,15889080
2012,Safe House ,126181630,15851963
2012,The Vow ,125014030,15705280
2012,Magic Mike ,113721571,14286629
2012,The Bourne Legacy ,113203870,14221591
2012,Argo ,110106919,13832527
2011,Harry Potter and the Deathly Hallows: Part II ,381011219,48046812
2011,Transformers: Dark of the Moon ,352390543,44437647
2011,"The Twilight Saga: Breaking Dawn, Part 1 ",275530738,34745364
2011,The Hangover Part II ,254464305,32088815
2011,Pirates of the Caribbean: On Stranger Tides ,241071802,30399975
2011,Fast Five ,210031325,26485665
2011,Cars 2 ,191450875,24142607
2011,Thor ,181030624,22828578
2011,Rise of the Planet of the Apes ,176760185,22290061
2011,Captain America: The First Avenger ,176654505,22276735
2011,The Help ,169499546,21374469
2011,Bridesmaids ,169211718,21338174
2011,Kung Fu Panda 2 ,165249063,20838469
2011,X-Men: First Class ,146408305,18462586
2011,Puss in Boots ,145738327,18378099
2011,Rio ,143619809,18110947
2011,The Smurfs ,142614158,17984130
2011,Mission: Impossible - Ghost Protocol ,141186646,17804117
2011,Sherlock Holmes: A Game of Shadows ,136910219,17264845
2011,Super 8 ,127004179,16015659
2011,Rango ,123477607,15570947
2011,Horrible Bosses ,117538559,14822012
2011,Green Lantern ,116601172,14703805
2011,The King's Speech ,115865048,14610977
2011,Hop ,108085305,13629925
2010,Toy Story 3 ,415004880,52598844
2010,Avatar ,408392727,51760802
2010,Alice in Wonderland ,334191110,42356287
2010,Iron Man 2 ,312433331,39598648
2010,The Twilight Saga: Eclipse ,300531751,38090209
2010,Inception ,292568851,37080970
2010,Harry Potter and the Deathly Hallows: Part I ,283533215,35935769
2010,Despicable Me ,251203225,31838178
2010,Shrek Forever After ,238736787,30258148
2010,How to Train Your Dragon ,217581231,27576835
2010,The Karate Kid ,176591618,22381701
2010,Tangled ,167821986,21270213
2010,Clash of the Titans ,163214888,20686298
2010,Grown Ups ,162001186,20532470
2010,Megamind ,144192018,18275287
2010,The Last Airbender ,131772187,16701164
2010,Tron: Legacy ,131304844,16641932
2010,Shutter Island ,128012934,16224706
2010,The Other Guys ,119219978,15110263
2010,Salt ,118311368,14995104
2010,Jackass 3D ,117109417,14842765
2010,Valentine's Day ,110485654,14003251
2010,Robin Hood ,105487148,13369727
2010,The Expendables ,103068524,13063184
2010,Little Fockers ,102576190,13000785
2009,Transformers: Revenge of the Fallen ,402111870,53614916
2009,Avatar ,352114898,46948653
2009,Harry Potter and the Half-Blood Prince ,301959197,40261226
2009,Up ,293004164,39067222
2009,The Twilight Saga: New Moon ,287954655,38393954
2009,The Hangover ,277322503,36976334
2009,Star Trek ,257730019,34364003
2009,The Blind Side ,208476067,27796809
2009,Monsters vs. Aliens ,198351526,26446870
2009,Ice Age: Dawn of the Dinosaurs ,196573705,26209827
2009,X-Men Origins: Wolverine ,179883157,23984421
2009,Night at the Museum: Battle of the Smithsonian ,177243721,23632496
2009,The Proposal ,163958031,21861071
2009,2012 ,163442129,21792284
2009,Alvin and the Chipmunks: The Squeakquel ,155916935,20788925
2009,Fast & Furious ,155064265,20675235
2009,G.I. Joe: The Rise of Cobra ,150201498,20026866
2009,Paul Blart: Mall Cop ,146336178,19511490
2009,Taken ,145000989,19333465
2009,Sherlock Holmes ,138715437,18495392
2009,Gran Torino ,138274748,18436633
2009,Disney's A Christmas Carol ,137443917,18325856
2009,Angels & Demons ,133375846,17783446
2009,Terminator Salvation ,125322469,16709663
2009,Cloudy with a Chance of Meatballs ,124264907,16568654
2008,The Dark Knight ,531001578,73955652
2008,Iron Man ,318412101,44347089
2008,Indiana Jones and the Kingdom of the Crystal Skull ,317101119,44164501
2008,Hancock ,227946274,31747391
2008,WALL-E ,223806889,31170876
2008,Kung Fu Panda ,215434591,30004818
2008,Madagascar: Escape 2 Africa ,177016810,24654152
2008,Twilight ,176922850,24641065
2008,Quantum of Solace ,166820413,23234040
2008,Horton Hears a Who ,154529439,21522206
2008,Sex and the City ,152647258,21260064
2008,Mamma Mia! ,144130063,20073825
2008,The Chronicles of Narnia: Prince Caspian ,141621490,19724441
2008,The Incredible Hulk ,134806913,18775336
2008,Wanted ,134508551,18733781
2008,Get Smart ,130319208,18150308
2008,Four Christmases ,118189834,16460980
2008,Juno ,112025254,15602403
2008,Tropic Thunder ,110515313,15392105
2008,Bolt ,109917145,15308795
2008,Marley & Me ,106664046,14855717
2008,The Mummy: Tomb of the Dragon Emperor ,102491776,14274621
2008,Journey to the Center of the Earth ,101704370,14164954
2008,Eagle Eye ,101401695,14122799
2008,Step Brothers ,100468793,13992868
2007,Spider-Man 3 ,336530303,48914288
2007,Shrek the Third ,322719944,46906968
2007,Transformers ,319246193,46402062
2007,Pirates of the Caribbean: At World's End ,309420425,44973898
2007,Harry Potter and the Order of the Phoenix ,292004738,42442549
2007,The Bourne Ultimatum ,227471070,33062655
2007,300 ,210614939,30612636
2007,Ratatouille ,206445654,30006635
2007,I am Legend ,206129574,29960694
2007,The Simpsons Movie ,183135014,26618461
2007,National Treasure: Book of Secrets ,170870795,24835871
2007,Wild Hogs ,168213584,24449648
2007,Alvin and the Chipmunks ,153632443,22330297
2007,Knocked Up ,148761765,21622349
2007,Rush Hour 3 ,140125968,20367146
2007,Night at the Museum ,135041114,19628068
2007,Live Free or Die Hard ,134529403,19553692
2007,Fantastic Four: Rise of the Silver Surfer ,131921738,19174671
2007,American Gangster ,129150735,18771909
2007,Bee Movie ,124518342,18098596
2007,Superbad ,121463226,17654538
2007,Enchanted ,119820940,17415834
2007,I Now Pronounce You Chuck and Larry ,119725280,17401930
2007,Hairspray ,118871849,17277885
2007,Blades of Glory ,118594548,17237579
2006,Pirates of the Caribbean: Dead Man's Chest ,423315812,64628368
2006,Cars ,244082982,37264577
2006,X-Men: The Last Stand ,234362462,35780528
2006,The Da Vinci Code ,217536138,33211624
2006,Superman Returns ,200120000,30552671
2006,Ice Age: The Meltdown ,195330621,29821468
2006,Happy Feet ,175967627,26865286
2006,Over the Hedge ,155019340,23667074
2006,Casino Royale ,153676842,23462113
2006,Talladega Nights: The Ballad of Ricky Bobby ,148213377,22627996
2006,Click ,137355633,20970325
2006,Mission: Impossible III ,133501348,20381885
2006,Borat ,125601414,19175788
2006,The Devil Wears Prada ,124740460,19044345
2006,The Departed ,120359613,18375513
2006,The Break-Up ,118703275,18122637
2006,Night at the Museum ,115822154,17682771
2006,The Pursuit of Happyness ,98411670,15024682
2006,Scary Movie 4 ,90710620,13848949
2006,Failure to Launch ,88715192,13544304
2006,Inside Man ,88634237,13531944
2006,Open Season ,85105259,12993169
2006,The Santa Clause 3: The Escape Clause ,83549047,12755579
2006,The Pink Panther ,82226474,12553660
2006,Eight Below ,81612565,12459933
2005,Star Wars Ep. III: Revenge of the Sith ,380270577,59324582
2005,Harry Potter and the Goblet of Fire ,275132632,42922407
2005,War of the Worlds ,234280354,36549197
2005,"The Chronicles of Narnia: The Lion, the Witch and the Wardrobe ",217677877,33959107
2005,Wedding Crashers ,209218368,32639370
2005,Charlie and the Chocolate Factory ,206459076,32208904
2005,Batman Begins ,205343774,32034910
2005,Madagascar ,193595521,30202109
2005,Mr. and Mrs. Smith ,186336279,29069622
2005,Hitch ,177784257,27735453
2005,King Kong ,168505310,26287879
2005,The Longest Yard ,158119460,24667622
2005,Fantastic Four ,154696080,24133553
2005,Chicken Little ,131944653,20584189
2005,Robots ,128200012,20000001
2005,Meet the Fockers ,116706205,18206896
2005,The Pacifier ,113006880,17629778
2005,The 40 Year-old Virgin ,109449237,17074763
2005,Million Dollar Baby ,99378637,15503687
2005,Walk the Line ,91742439,14312392
2005,Flightplan ,89132263,13905189
2005,Saw II ,87014325,13574777
2005,Monster-in-Law ,82931301,12937800
2005,Are We There Yet? ,82674398,12897721
2005,The Dukes of Hazzard ,80270227,12522656
2004,Shrek 2 ,441226247,71050925
2004,Spider-Man 2 ,373524485,60148870
2004,The Passion of the Christ ,370274604,59625540
2004,The Incredibles ,251657004,40524477
2004,Harry Potter and the Prisoner of Azkaban ,249538952,40183406
2004,The Day After Tomorrow ,186740799,30070982
2004,The Bourne Supremacy ,176087450,28355466
2004,Meet the Fockers ,162461370,26161251
2004,Shark Tale ,160762022,25887604
2004,The Polar Express ,155754116,25081178
2004,National Treasure ,154522305,24882818
2004,"I, Robot ",144801023,23317395
2004,Troy ,133298577,21465149
2004,50 First Dates ,120776832,19448765
2004,Van Helsing ,120150546,19347914
2004,Fahrenheit 9/11 ,119114517,19181081
2004,Dodgeball: A True Underdog Story ,114326736,18410102
2004,The Village ,114197520,18389294
2004,The Grudge ,110359362,17771233
2004,Ocean's Twelve ,107006344,17231295
2004,Collateral ,100170152,16130459
2004,The Princess Diaries 2: Royal Engagement ,95149435,15321970
2004,Lemony Snicket's A Series of Unfortunate Events ,94616745,15236190
2004,Starsky & Hutch ,88200225,14202934
2004,Along Came Polly ,88073507,14182529
2003,Finding Nemo ,339714367,56337374
2003,Pirates of the Caribbean: The Curse of the Black Pearl ,305410819,50648560
2003,The Lord of the Rings: The Return of the King ,290425213,48163385
2003,The Matrix Reloaded ,281553689,46692154
2003,Bruce Almighty ,242704995,40249584
2003,X-Men 2 ,214949694,35646715
2003,Elf ,170837644,28331284
2003,Chicago ,161445985,26773795
2003,Terminator 3: Rise of the Machines ,150358296,24935040
2003,Bad Boys II ,138540870,22975268
2003,The Matrix Revolutions ,138294428,22934399
2003,Anger Management ,135560942,22481084
2003,Bringing Down the House ,132675402,22002554
2003,Hulk ,132177234,21919939
2003,2 Fast 2 Furious ,127120058,21081269
2003,Seabiscuit ,120277854,19946576
2003,S.W.A.T. ,116877597,19382686
2003,Spy Kids 3-D: Game Over ,111678621,18520500
2003,Freaky Friday ,110180505,18272057
2003,Scary Movie 3 ,109563395,18169717
2003,The Italian Job ,106126012,17599670
2003,How to Lose a Guy in 10 Days ,105807520,17546852
2003,American Wedding ,104354205,17305838
2003,Daddy Day Care ,104148781,17271771
2003,Daredevil ,102543518,17005558
2002,Spider-Man ,403706375,69484746
2002,Star Wars Ep. II: Attack of the Clones ,310676740,53472760
2002,The Lord of the Rings: The Two Towers ,262300833,45146442
2002,Harry Potter and the Chamber of Secrets ,252097945,43390351
2002,My Big Fat Greek Wedding ,227898505,39225216
2002,Signs ,227750028,39199660
2002,Austin Powers in Goldmember ,213117789,36681202
2002,Men in Black 2 ,190418803,32774320
2002,Ice Age ,176387405,30359277
2002,Die Another Day ,153770825,26466579
2002,Scooby-Doo ,153294164,26384537
2002,Lilo & Stitch ,145771527,25089763
2002,xXx ,141930000,24428571
2002,The Santa Clause 2 ,138277797,23799965
2002,A Beautiful Mind ,132929755,22879475
2002,Minority Report ,132024714,22723702
2002,The Ring ,127230430,21898524
2002,Mr. Deeds ,126293452,21737255
2002,Sweet Home Alabama ,126086880,21701700
2002,The Bourne Identity ,121468960,20906877
2002,The Sum of All Fears ,118471320,20390932
2002,8 Mile ,115270265,19839976
2002,Black Hawk Down ,108079933,18602398
2002,The Lord of the Rings: The Fellowship of the Ring ,107854245,18563553
2002,Road to Perdition ,104054514,17909554
2001,Harry Potter and the Sorcerer's Stone ,300404434,53074988
2001,Shrek ,267655011,47288871
2001,"Monsters, Inc. ",244638458,43222342
2001,Rush Hour 2 ,226164286,39958354
2001,The Lord of the Rings: The Fellowship of the Ring ,206448462,36474993
2001,The Mummy Returns ,202007640,35690395
2001,Pearl Harbor ,198539855,35077712
2001,Jurassic Park III ,181166115,32008147
2001,Planet of the Apes ,179841538,31774123
2001,Hannibal ,165092266,29168244
2001,Ocean's Eleven ,151967372,26849359
2001,American Pie 2 ,145096820,25635480
2001,The Fast and the Furious ,144512310,25532210
2001,Lara Croft: Tomb Raider ,131144183,23170350
2001,Cast Away ,123942702,21898003
2001,Traffic ,123735812,21861450
2001,"Crouching Tiger, Hidden Dragon ",114617017,20250356
2001,Dr. Dolittle 2 ,112950721,19955957
2001,Spy Kids ,112692062,19910258
2001,The Princess Diaries ,108225136,19121048
2001,The Others ,96522687,17053478
2001,Legally Blonde ,96493426,17048308
2001,America's Sweethearts ,93607673,16538458
2001,Cats & Dogs ,93375151,16497376
2001,Save the Last Dance ,91038276,16084501
2000,How the Grinch Stole Christmas ,253367455,47006948
2000,Mission: Impossible 2 ,215409889,39964728
2000,Gladiator ,186610052,34621530
2000,The Perfect Storm ,182618434,33880971
2000,Meet the Parents ,161325490,29930517
2000,X-Men ,157299717,29183620
2000,Scary Movie ,157019771,29131682
2000,What Lies Beneath ,155464351,28843107
2000,Dinosaur ,137748063,25556226
2000,Erin Brockovich ,125548685,23292891
2000,Nutty Professor II: The Klumps ,123307945,22877169
2000,Charlie's Angels ,122802761,22783443
2000,Big Momma's House ,117559438,21810656
2000,What Women Want ,115761883,21477158
2000,Remember the Titans ,113746040,21103161
2000,The Patriot ,113330342,21026037
2000,Cast Away ,109689440,20350545
2000,Chicken Run ,106793915,19813342
2000,Gone in 60 Seconds ,101643008,18857700
2000,"Me, Myself & Irene ",90570999,16803524
2000,Space Cowboys ,90179885,16730961
2000,Unbreakable ,90033796,16703858
2000,Scream 3 ,89138076,16537676
2000,U-571 ,77086030,14301675
2000,Hollow Man ,73209340,13582437
1999,Star Wars Ep. I: The Phantom Menace ,430443350,84732942
1999,The Sixth Sense ,276386495,54406790
1999,Toy Story 2 ,208880039,41118117
1999,Austin Powers: The Spy Who Shagged Me ,206040085,40559071
1999,The Matrix ,171383253,33736860
1999,Tarzan ,170904824,33642681
1999,Big Daddy ,163479795,32181062
1999,The Mummy ,155385488,30587694
1999,Runaway Bride ,152162347,29953217
1999,The Blair Witch Project ,140539099,27665176
1999,The World is Not Enough ,117877025,23204138
1999,Notting Hill ,116089678,22852298
1999,Double Jeopardy ,114032117,22447267
1999,Wild Wild West ,113805681,22402693
1999,Analyze This ,106885658,21040483
1999,The General's Daughter ,102705852,20217687
1999,American Pie ,101800948,20039556
1999,Inspector Gadget ,97387965,19170859
1999,Sleepy Hollow ,92839722,18275535
1999,The Haunting ,91188905,17950571
1999,Shakespeare in Love ,90829322,17879787
1999,Entrapment ,87707396,17265235
1999,Pokemon: The First Movie ,84091099,16553365
1999,Payback ,81526121,16048449
1999,Stuart Little ,79403127,15630536
1998,Titanic ,443319081,94524324
1998,Armageddon ,201578182,42980422
1998,Saving Private Ryan ,190588778,40637266
1998,There's Something About Mary ,174711965,37252018
1998,The Waterboy ,150042308,31991963
1998,Doctor Dolittle ,144155259,30736728
1998,Deep Impact ,140464664,29949821
1998,Rush Hour ,137567454,29332079
1998,A Bug's Life ,136426334,29088770
1998,Godzilla ,136314294,29064881
1998,Good Will Hunting ,130828794,27895265
1998,Lethal Weapon 4 ,130444603,27813348
1998,The Truman Show ,125618201,26784264
1998,Mulan ,120620254,25718604
1998,As Good as it Gets ,106914817,22796336
1998,Enemy of the State ,96822391,20644433
1998,The Mask of Zorro ,93828745,20006128
1998,Antz ,89325670,19045985
1998,The Rugrats Movie ,89186192,19016245
1998,The X Files: Fight the Future ,83898313,17888766
1998,The Wedding Singer ,80245725,17109962
1998,City of Angels ,78750909,16791238
1998,You've Got Mail ,78028953,16637303
1998,The Horse Whisperer ,75383563,16073254
1998,"Six Days, Seven Nights ",74339294,15850595
1997,Men in Black ,250650052,54607854
1997,The Lost World: Jurassic Park ,229086679,49909951
1997,Liar Liar ,181410615,39523009
1997,Air Force One ,172480186,37577382
1997,Titanic ,157467971,34306747
1997,Star Wars Ep. IV: A New Hope ,138133173,30094373
1997,My Best Friend's Wedding ,126776290,27620106
1997,Face/Off ,112276146,24461033
1997,Batman & Robin ,107325195,23382395
1997,George Of The Jungle ,105263257,22933171
1997,Con Air ,101117573,22029972
1997,Contact ,100920329,21986999
1997,Hercules ,99112101,21593050
1997,Tomorrow Never Dies ,92433154,20137942
1997,Scream 2 ,85520969,18632019
1997,Flubber ,83134090,18112002
1997,Conspiracy Theory ,76118990,16583657
1997,Jerry Maguire ,70614467,15384415
1997,I Know What You Did Last Summer ,70426975,15343567
1997,Star Wars Ep. V: The Empire Strikes Back ,67484485,14702502
1997,Dante's Peak ,67163857,14632648
1997,Anaconda ,65598907,14291700
1997,Scream ,63916834,13925236
1997,The Fifth Element ,63570862,13849861
1997,In & Out ,63417425,13816432
1996,Independence Day ,306169255,69269062
1996,Twister ,241688385,54680630
1996,Mission: Impossible ,180981886,40946128
1996,The Rock ,134069511,30332468
1996,Ransom ,129181606,29226607
1996,The Nutty Professor ,128814019,29143443
1996,The Birdcage ,124060553,28067998
1996,101 Dalmatians ,121795758,27555601
1996,A Time to Kill ,108766007,24607693
1996,The First Wives Club ,104670012,23680998
1996,Phenomenon ,104539127,23651386
1996,Eraser ,101295562,22917547
1996,The Hunchback of Notre Dame ,100138851,22655848
1996,Star Trek: First Contact ,89187714,20178215
1996,Space Jam ,85442296,19330836
1996,Jerry Maguire ,83338125,18854779
1996,Mr. Holland's Opus ,82450788,18654024
1996,Broken Arrow ,70645997,15983257
1996,The Cable Guy ,60240295,13629026
1996,Courage Under Fire ,59003384,13349181
1996,Jack ,58554258,13247569
1996,Jingle All the Way ,57213524,12944236
1996,12 Monkeys ,56838334,12859351
1996,Executive Decision ,56679192,12823346
1996,Primal Fear ,56073633,12686342
1995,Batman Forever ,184031112,42306002
1995,Apollo 13 ,172036360,39548588
1995,Toy Story ,150004917,34483888
1995,Pocahontas ,141551246,32540516
1995,Ace Ventura: When Nature Calls ,104371496,23993447
1995,Casper ,100328194,23063952
1995,Die Hard: With a Vengeance ,100012499,22991379
1995,Goldeneye ,93662146,21531527
1995,Crimson Tide ,91387195,21008550
1995,Waterworld ,88246220,20286487
1995,Se7en ,87113775,20026155
1995,Dangerous Minds ,84409943,19404584
1995,While You Were Sleeping ,81057016,18633796
1995,Congo ,81022333,18625823
1995,Mortal Kombat ,70383146,16180033
1995,The Bridges of Madison County ,70107178,16116592
1995,Nine Months ,69660733,16013961
1995,Get Shorty ,69066951,15877460
1995,Outbreak ,67823573,15591625
1995,Braveheart ,67019456,15406771
1995,Legends of the Fall ,66020491,15177124
1995,Bad Boys ,65647413,15091359
1995,The Living Sea ,64800000,14896551
1995,Dumb & Dumber ,60671411,13947450
1995,Species ,60054449,13805620
1994,The Lion King ,300352905,73615908
1994,Forrest Gump ,298535927,73170570
1994,True Lies ,146282411,35853532
1994,The Santa Clause ,137826098,33780906
1994,The Flintstones ,130531208,31992943
1994,Clear and Present Danger ,121937936,29886749
1994,Speed ,121248145,29717682
1994,The Mask ,118866164,29133863
1994,Maverick ,101631272,24909625
1994,Interview with the Vampire ,100790444,24703540
1994,Mrs. Doubtfire ,96429967,23634795
1994,The Client ,92115211,22577257
1994,Schindler's List ,89816593,22013870
1994,Philadelphia ,76512063,18752956
1994,Ace Ventura: Pet Detective ,72217396,17700342
1994,Star Trek: Generations ,71454304,17513309
1994,Stargate ,68863917,16878411
1994,Dumb & Dumber ,66503963,16299990
1994,Wolf ,65011757,15934254
1994,Pulp Fiction ,63660214,15602993
1994,The Specialist ,56157168,13764011
1994,Four Weddings and a Funeral ,52700832,12916870
1994,The Little Rascals ,51764950,12687487
1994,Disclosure ,51713349,12674840
1994,Naked Gun 33 1/3: The Final Insult ,51041856,12510258
1993,Jurassic Park ,338700740,81811772
1993,The Fugitive ,183875760,44414434
1993,The Firm ,158340892,38246592
1993,Sleepless in Seattle ,126680884,30599247
1993,Mrs. Doubtfire ,122765084,29653401
1993,Indecent Proposal ,106614059,25752188
1993,In the Line of Fire ,102243874,24696587
1993,Aladdin ,93790423,22654691
1993,Cliffhanger ,84049211,20301741
1993,Free Willy ,77698625,18767783
1993,The Pelican Brief ,71485956,17267139
1993,Groundhog Day ,68504696,16547028
1993,A Few Good Men ,63363426,15305175
1993,Dave ,63270710,15282780
1993,Rising Sun ,63095271,15240403
1993,Cool Runnings ,62663954,15136220
1993,The Crying Game ,57143427,13802760
1993,Scent of a Woman ,55160666,13323832
1993,Rookie of the Year ,53579269,12941852
1993,The Three Musketeers ,52242170,12618881
1993,Dennis the Menace ,51270765,12384242
1993,Demolition Man ,50904671,12295814
1993,Sommersby ,50081992,12097099
1993,Last Action Hero ,50016394,12081254
1993,Sister Act 2 Back in the Habit ,48942092,11821761
1992,Batman Returns ,162833635,39237020
1992,Home Alone 2: Lost in New York ,149350753,35988133
1992,Lethal Weapon 3 ,144731527,34875066
1992,Sister Act ,139605150,33639795
1992,Aladdin ,123559796,29773444
1992,Wayne's World ,121697323,29324656
1992,Basic Instinct ,117727224,28368005
1992,A League of Their Own ,107533925,25911789
1992,The Bodyguard ,98542557,23745194
1992,The Hand That Rocks the Cradle ,88036683,21213658
1992,Patriot Games ,83287363,20069244
1992,Bram Stoker's Dracula ,82125510,19789279
1992,Under Siege ,80939817,19503570
1992,Fried Green Tomatoes ,78874364,19005870
1992,A Few Good Men ,77976752,18789578
1992,White Men Can't Jump ,76253806,18374411
1992,The Last of the Mohicans ,74557777,17965729
1992,Unforgiven ,72251090,17409901
1992,Boomerang ,70052444,16880106
1992,Far and Away ,58883840,14188877
1992,Honey I Blew Up the Kid ,58662452,14135530
1992,HouseSitter ,58500635,14096538
1992,Death Becomes Her ,58422650,14077746
1992,Unlawful Entry ,57138719,13768366
1992,Beethoven ,56979478,13729994
1991,Terminator 2: Judgment Day ,201858746,47947445
1991,Robin Hood: Prince of Thieves ,165493908,39309716
1991,The Silence of the Lambs ,130726716,31051476
1991,City Slickers ,124033791,29461708
1991,The Addams Family ,110159219,26166085
1991,Home Alone ,108806380,25844745
1991,Dances with Wolves ,104047956,24714478
1991,Sleeping with the Enemy ,101599005,24132780
1991,Hook ,91801514,21805585
1991,The Naked Gun 2: The Smell of Fear ,86930411,20648553
1991,Beauty and the Beast ,82470981,19589306
1991,Cape Fear ,79091969,18786690
1991,Teenage Mutant Ninja Turtles II: The Secret of the Ooze ,78656813,18683328
1991,Backdraft ,77868585,18496100
1991,Star Trek VI: The Undiscovered Country ,70740158,16802887
1991,Hot Shots! ,68267322,16215515
1991,Antarctica ,65000000,15439429
1991,What About Bob? ,63710000,15133016
1991,My Girl ,58011485,13779450
1991,Father of the Bride ,56229043,13356067
1991,Boyz n the Hood ,56190094,13346815
1991,Doc Hollywood ,54751779,13005173
1991,The Last Boy Scout ,53617891,12735841
1991,Awakenings ,51306865,12186903
1991,New Jack City ,47624253,11312174
1990,Ghost ,217631306,51571399
1990,Pretty Woman ,178406268,42276366
1990,Home Alone ,176954863,41932431
1990,Teenage Mutant Ninja Turtles ,135265915,32053534
1990,The Hunt for Red October ,120709866,28604233
1990,Total Recall ,119383540,28289938
1990,Die Hard 2 ,117323878,27801866
1990,Dick Tracy ,103738726,24582636
1990,Driving Miss Daisy ,102007676,24172435
1990,Back to the Future Part III ,88055283,20866180
1990,Presumed Innocent ,86303188,20450992
1990,Days of Thunder ,82670733,19590221
1990,Dances with Wolves ,80160886,18995470
1990,Another 48 Hrs. ,80047413,18968581
1990,Bird on a Wire ,70978012,16819434
1990,Born on the Fourth of July ,65220845,15455176
1990,Flatliners ,61308153,14527998
1990,3 Men and a Little Lady ,58980240,13976360
1990,Problem Child ,53470891,12670827
1990,Arachnophobia ,53208180,12608573
1990,Kindergarten Cop ,47391750,11230272
1990,Hard To Kill ,47381386,11227816
1990,RoboCop 2 ,45681173,10824922
1990,Misery ,45211319,10713582
1990,Edward Scissorhands ,44856044,10629394
1989,Batman ,251188924,62954617
1989,Indiana Jones and the Last Crusade ,197171806,49416492
1989,Lethal Weapon 2 ,147253986,36905760
1989,"Honey, I Shrunk the Kids ",130724172,32762950
1989,Rain Man ,125649560,31491117
1989,Look Who's Talking ,120409476,30177813
1989,Ghostbusters II ,112494738,28194169
1989,Back to the Future Part II ,103826836,26021763
1989,Parenthood ,100047830,25074644
1989,Dead Poets Society ,95860116,24025091
1989,When Harry Met Sally... ,92635717,23216971
1989,Turner & Hooch ,71079915,17814515
1989,Uncle Buck ,66758538,16731463
1989,Field of Dreams ,64431625,16148276
1989,Sea of Love ,58571513,14679577
1989,National Lampoon's Christmas Vacation ,57789938,14483693
1989,Pet Sematary ,57469179,14403303
1989,Harlem Nights ,55742999,13970676
1989,Beaches ,54849107,13746643
1989,The Abyss ,54243125,13594768
1989,To the Limit ,53000000,13283208
1989,Star Trek V: The Final Frontier ,52210049,13085225
1989,The Little Mermaid ,51085892,12803481
1989,Steel Magnolias ,50788964,12729063
1989,Major League ,49793054,12479462
1988,Who Framed Roger Rabbit? ,151668767,36902376
1988,Coming to America ,128152301,31180608
1988,Good Morning Vietnam ,121650966,29598775
1988,Big ,112555170,27385686
1988,Crocodile Dundee 2 ,109306210,26595184
1988,3 Men and a Baby ,80091739,19487041
1988,Cocktail ,78222753,19032300
1988,Moonstruck ,77051120,18747231
1988,Die Hard ,74138586,18038585
1988,Beetlejuice ,73326666,17841037
1988,Twins ,73099158,17785683
1988,A Fish Called Wanda ,63493000,15448418
1988,Willow ,57269863,13934273
1988,The Naked Gun: From the Files of Police Squad! ,54989495,13379439
1988,Scrooged ,54916587,13361699
1988,Rambo III ,53715611,13069491
1988,Bull Durham ,50888729,12381685
1988,A Nightmare on Elm Street 4: The Dream Master ,49369899,12012140
1988,Rain Man ,47175875,11478315
1988,Colors ,46616067,11342108
1988,Young Guns ,44726644,10882395
1988,Biloxi Blues ,43184798,10507250
1988,The Land Before Time ,43116921,10490735
1988,The Great Outdoors ,41455230,10086430
1988,Oliver & Company ,40368143,9821932
1987,Beverly Hills Cop II ,153665036,39300520
1987,Fatal Attraction ,137550694,35179205
1987,Platoon ,129140924,33028369
1987,3 Men and a Baby ,87689221,22426910
1987,The Untouchables ,76270454,19506509
1987,The Secret of My Success ,66995000,17134271
1987,Stakeout ,65673233,16796223
1987,Lethal Weapon ,65192350,16673235
1987,The Witches of Eastwick ,63749955,16304336
1987,Predator ,59735548,15277633
1987,Dragnet ,57387000,14676982
1987,Dirty Dancing ,55913006,14300001
1987,La Bamba ,54215416,13865835
1987,RoboCop ,53424681,13663601
1987,Outrageous Fortune ,52864741,13520394
1987,The Living Daylights ,51185000,13090792
1987,Snow White and the Seven Dwarfs ,46594719,11916808
1987,Crocodile Dundee ,45214313,11563762
1987,Full Metal Jacket ,45015999,11513043
1987,A Nightmare On Elm Street 3: Dream Warriors ,44793222,11456067
1987,Blind Date ,39321000,10056521
1987,Roxanne ,39148164,10012318
1987,"Planes, Trains & Automobiles ",39074006,9993351
1987,Spaceballs ,38119483,9749228
1987,Mannequin ,38018000,9723273
1986,Top Gun ,171626614,46260542
1986,Crocodile Dundee ,129589193,34929701
1986,"The Karate Kid, Part II ",115103979,31025331
1986,Back to School ,91258000,24597843
1986,Aliens ,85160248,22954244
1986,Star Trek IV: The Voyage Home ,83867664,22605839
1986,The Color Purple ,80112150,21593571
1986,Ruthless People ,71624879,19305897
1986,Ferris Bueller's Day Off ,70136369,18904681
1986,Down and Out in Beverly Hills ,62134225,16747769
1986,The Golden Child ,54500686,14690211
1986,Out of Africa ,52411671,14127135
1986,Legal Eagles ,49851591,13437086
1986,Cobra ,49042224,13218928
1986,Stand by Me ,47734510,12866444
1986,The Color of Money ,44852668,12089667
1986,Police Academy 3: Back in Training ,43579163,11746405
1986,An American Tail ,42865605,11554071
1986,Poltergeist II: The Other Side ,40996665,11050314
1986,Short Circuit ,40697761,10969746
1986,Pretty in Pink ,40471663,10908804
1986,Peggy Sue Got Married ,39419555,10625216
1986,About Last Night... ,38702310,10431889
1986,Running Scared ,38500726,10377554
1986,The Fly ,37585000,10130727
1985,Back to the Future ,193144445,54406885
1985,Rambo: First Blood Part II ,150415432,42370544
1985,Beverly Hills Cop ,130887254,36869649
1985,Rocky IV ,105524891,29725321
1985,Cocoon ,76257348,21480943
1985,The Dream is Alive ,70000000,19718309
1985,Witness ,65532576,18459880
1985,The Goonies ,61389680,17292867
1985,Police Academy 2: Their First Assignment ,55337042,15587899
1985,Fantasia ,50500882,14225600
1985,A View to a Kill ,50327960,14176890
1985,National Lampoon's European Vacation ,49400000,13915492
1985,Fletch ,46700000,13154929
1985,The Breakfast Club ,45875171,12922583
1985,Spies Like Us ,43754210,12325129
1985,The Jewel of the Nile ,43741096,12321435
1985,Mask ,42417782,11948670
1985,Pale Rider ,41410568,11664948
1985,Pee Wee's Big Adventure ,40940662,11532580
1985,Brewster's Millions ,40800000,11492957
1985,Jagged Edge ,38768101,10920591
1985,St. Elmo's Fire ,37800000,10647887
1985,Mad Max Beyond Thunderdome ,36230219,10205695
1985,Commando ,35073978,9879993
1985,Silverado ,33200000,9352112
1984,Ghostbusters ,220855498,65730802
1984,Indiana Jones and the Temple of Doom ,179880271,53535794
1984,Gremlins ,148168459,44097755
1984,Beverly Hills Cop ,103873224,30914650
1984,The Karate Kid ,90815558,27028439
1984,Police Academy ,81198894,24166337
1984,Footloose ,80000000,23809523
1984,Star Trek III: The Search for Spock ,76471046,22759239
1984,Romancing the Stone ,75078260,22344720
1984,Purple Rain ,66524902,19799077
1984,Terms of Endearment ,65454493,19480503
1984,Splash ,62599495,18630802
1984,Grand Canyon: The Hidden Secrets ,52800000,15714285
1984,Tightrope ,48100000,14315476
1984,The Natural ,47951979,14271422
1984,"Greystoke: The Legend of Tarzan, Lord of the Apes ",45900000,13660714
1984,Revenge of the Nerds ,40874452,12165015
1984,Red Dawn ,38900000,11577380
1984,Bachelor Party ,38435947,11439269
1984,Breakin' ,36100000,10744047
1984,The Terminator ,36081923,10738667
1984,All of Me ,35243581,10489161
1984,Friday the 13th Part IV: The Final Chapter ,32980880,9815738
1984,2010 ,32089940,9550577
1984,City Heat ,30941125,9208668
1983,Star Wars Ep. VI: Return of the Jedi ,249333284,79153423
1983,Tootsie ,136302219,43270545
1983,Flashdance ,90463574,28718594
1983,Trading Places ,90400000,28698412
1983,WarGames ,74433837,23629789
1983,Octopussy ,67900000,21555555
1983,Mr. Mom ,64800000,20571428
1983,Staying Alive ,63841474,20267134
1983,Risky Business ,63541777,20171992
1983,National Lampoon's Vacation ,61400000,19492063
1983,Superman III ,59950623,19031943
1983,Never Say Never Again ,53448619,16967815
1983,Gandhi ,51443727,16331341
1983,48 Hrs. ,51295908,16284415
1983,The Big Chill ,43738171,13885133
1983,Terms of Endearment ,42968996,13640951
1983,Blue Thunder ,42313354,13432810
1983,Jaws 3-D ,42245180,13411168
1983,Sudden Impact ,41852579,13286533
1983,The Verdict ,37603590,11937647
1983,E.T. the Extra-Terrestrial ,37358320,11859784
1983,Porky's II: The Next Day ,33759266,10717227
1983,Psycho II ,32000000,10158730
1983,Snow White and the Seven Dwarfs ,30100976,9555865
1983,Twilight Zone: The Movie ,29500000,9365079
1982,E.T. the Extra-Terrestrial ,321999812,109523745
1982,Rocky III ,125049125,42533715
1982,On Golden Pond ,117891412,40099119
1982,An Officer and a Gentleman ,111907443,38063756
1982,Porky's ,109492484,37242341
1982,Star Wars Ep. IV: A New Hope ,86753167,29507879
1982,Star Trek II: The Wrath of Khan ,78912963,26841143
1982,Poltergeist ,74706019,25410210
1982,The Best Little Whorehouse in Texas ,69701637,23708039
1982,Chariots of Fire ,58787946,19995900
1982,Annie ,57059003,19407824
1982,Raiders of the Lost Ark ,54135099,18413298
1982,Firefox ,45785720,15573374
1982,First Blood ,43187630,14689670
1982,Tootsie ,40897781,13910809
1982,Conan the Barbarian ,38264085,13014994
1982,The Sword and the Sorcerer ,36714025,12487763
1982,Friday the 13th Part 3 ,36690067,12479614
1982,Richard Pryor Live on the Sunset Strip ,34970309,11894662
1982,Young Doctors in Love ,30688860,10438387
1982,The Toy ,30502112,10374868
1982,The World According to Garp ,30207324,10274600
1982,Reds ,29391083,9996967
1982,Blade Runner ,28486729,9689363
1982,Fast Times at Ridgemont High ,27092880,9215265
1981,Raiders of the Lost Ark ,168425367,60584664
1981,Superman II ,108185706,38915721
1981,Nine to Five ,96442875,34691681
1981,Stripes ,85300000,30683453
1981,Arthur ,75312238,27090733
1981,The Cannonball Run ,57498710,20682989
1981,For Your Eyes Only ,54800000,19712230
1981,The Fox and the Hound ,43899231,15791090
1981,The Four Seasons ,42488161,15283511
1981,Cheech & Chong's Nice Dreams ,37000000,13309352
1981,"Tarzan, The Ape Man ",36565000,13152877
1981,Excalibur ,34200000,12302158
1981,Time Bandits ,33596404,12085037
1981,Endless Love ,33000000,11870503
1981,An American Werewolf in London ,31973249,11501168
1981,History of the World: Part I ,31672000,11392805
1981,Bustin' Loose ,31261000,11244964
1981,The Great Muppet Caper ,31206251,11225270
1981,Clash of the Titans ,30000000,10791366
1981,"Fort Apache, The Bronx ",29200000,10503597
1981,The Jazz Singer ,27118000,9754676
1981,Only When I Laugh ,25782304,9274210
1981,Halloween II ,25533818,9184826
1981,Escape from New York ,25244700,9080827
1981,Body Heat ,24058000,8653956
1980,Star Wars Ep. V: The Empire Strikes Back ,181353855,67417790
1980,Stir Crazy ,101300000,37657992
1980,Kramer vs. Kramer ,98982763,36796566
1980,Airplane! ,83453539,31023620
1980,Any Which Way You Can ,70687344,26277823
1980,Private Benjamin ,69847348,25965556
1980,Coal Miner's Daughter ,67182787,24975013
1980,Smokey and the Bandit II ,66132626,24584619
1980,The Blues Brothers ,57229890,21275052
1980,Ordinary People ,52302978,19443486
1980,Popeye ,49823037,18521575
1980,The Blue Lagoon ,47923795,17815537
1980,Urban Cowboy ,46918287,17441742
1980,The Shining ,44017374,16363336
1980,Cheech & Chong's Next Movie ,41675194,15492637
1980,Caddyshack ,39846344,14812767
1980,Friday the 13th ,39754601,14778662
1980,Brubaker ,37121708,13799891
1980,Little Darlings ,34326249,12760687
1980,Dressed to Kill ,31899000,11858364
1980,Flash Gordon ,27107960,10077308
1980,The Elephant Man ,26010864,9669466
1980,Bronco Billy ,24265659,9020691
1980,Caligula ,23307800,8664609
1980,Seems Like Old Times ,23200000,8624535
1979,Superman ,93292767,37168433
1979,The Amityville Horror ,86432520,34435266
1979,Rocky 2 ,85182160,33937115
1979,Star Trek: The Motion Picture ,82258456,32772293
1979,Apocalypse Now ,78784010,31388051
1979,The Muppet Movie ,76657000,30540637
1979,The Jerk ,73691419,29359131
1979,Moonraker ,70300000,28007968
1979,Alien ,60150933,23964515
1979,10 ,52134699,20770796
1979,The Deer Hunter ,50000000,19920318
1979,Love at First Bite ,43900000,17490039
1979,Escape from Alcatraz ,43000000,17131474
1979,Meatballs ,43000000,17131474
1979,The Electric Horseman ,42670138,17000054
1979,Manhattan ,39946780,15915051
1979,Starting Over ,38200000,15219123
1979,The In-Laws ,38200000,15219123
1979,All That Jazz ,37823676,15069193
1979,The Black Stallion ,37799643,15059618
1979,The Main Event ,37198813,14820244
1979,The Black Hole ,35841901,14279641
1979,The China Syndrome ,35708042,14226311
1979,1941 ,34175000,13615537
1979,...And Justice For All ,33300000,13266932
1978,Grease ,153097492,65426279
1978,National Lampoon's Animal House ,141600000,60512820
1978,Jaws 2 ,102922376,43983921
1978,Heaven Can Wait ,98800000,42222222
1978,Every Which Way but Loose ,82672336,35330058
1978,Hooper ,51290536,21919032
1978,Convoy ,45000000,19230769
1978,California Suite ,42913571,18339132
1978,Up in Smoke ,41590893,17773885
1978,Superman ,40925251,17489424
1978,Foul Play ,40415179,17271444
1978,Revenge of the Pink Panther ,37337746,15956301
1978,Midnight Express ,35000000,14957264
1978,Coming Home ,32653000,13954273
1978,The End ,30354004,12971796
1978,Star Wars Ep. IV: A New Hope ,30037557,12836562
1978,House Calls ,29000000,12393162
1978,The Cheap Detective ,28221552,12060492
1978,The Lord of the Rings ,27000000,11538461
1978,Invasion of the Body Snatchers ,24946533,10660911
1978,Damien: Omen II ,24000000,10256410
1978,An Unmarried Woman ,24000000,10256410
1978,Beyond and Back ,23800000,10170940
1978,Magic ,23800000,10170940
1978,"Same Time, Next Year ",23000000,9829059
1977,Star Wars Ep. IV: A New Hope ,195728453,87770606
1977,Close Encounters of the Third Kind ,166000000,74439462
1977,Saturday Night Fever ,137778374,61784024
1977,Smokey and the Bandit ,126737428,56832927
1977,The Goodbye Girl ,82919638,37183694
1977,In Search of Noah's Ark ,55700000,24977578
1977,"Oh, God! ",51061196,22897397
1977,A Bridge Too Far ,50800000,22780269
1977,The Deep ,50681884,22727302
1977,The Spy Who Loved Me ,46800000,20986547
1977,Annie Hall ,38251425,17153105
1977,Semi-Tough ,37187139,16675847
1977,Pete's Dragon ,36000000,16143497
1977,The Gauntlet ,35400000,15874439
1977,The Turning Point ,33600000,15067264
1977,Heroes ,33000000,14798206
1977,High Anxiety ,31063038,13929613
1977,Airport '77 ,30000000,13452914
1977,The Rescuers ,29052407,13027985
1977,Herbie Goes to Monte Carlo ,28000000,12556053
1977,Slap Shot ,28000000,12556053
1977,Freaky Friday ,25942000,11633183
1977,Exorcist II: The Heretic ,25011000,11215695
1977,The Other Side of Midnight ,24652021,11054717
1977,For the Love of Benji ,22257624,9980997
1976,Rocky ,117235147,55039975
1976,To Fly! ,86600000,40657276
1976,A Star is Born ,63129898,29638449
1976,King Kong ,52614445,24701617
1976,Silver Streak ,51079064,23980781
1976,All the President's Men ,51048435,23966401
1976,The Omen ,48570885,22803232
1976,The Enforcer ,46200000,21690140
1976,Midway ,43220000,20291079
1976,The Bad News Bears ,42349782,19882526
1976,Silent Movie ,36145695,16969809
1976,The Pink Panther Strikes Again ,33833201,15884131
1976,Murder by Death ,32511047,15263402
1976,Marathon Man ,28204261,13241437
1976,Taxi Driver ,27883896,13091030
1976,The Outlaw Josey Wales ,27000000,12676056
1976,Carrie ,25878153,12149367
1976,Logan's Run ,25000000,11737089
1976,Network ,23689877,11122007
1976,Across the Great Divide ,18800000,8826291
1976,The Pom Pom Girls ,17900000,8403755
1976,"Mother, Jugs & Speed ",15000000,7042253
1976,The Missouri Breaks ,14000000,6572769
1976,Family Plot ,13200000,6197183
1976,Gator ,11000000,5164319
1975,Jaws ,260000000,126829268
1975,One Flew Over the Cuckoo's Nest ,108981275,53161597
1975,Shampoo ,49407734,24101333
1975,Dog Day Afternoon ,46665856,22763832
1975,The Return of the Pink Panther ,41833347,20406510
1975,Three Days of the Condor ,41509797,20248681
1975,Funny Lady ,40055897,19539461
1975,The Other Side of the Mountain ,34673100,16913707
1975,Tommy ,34251525,16708060
1975,The Apple Dumpling Gang ,31916500,15569024
1975,Rollerball ,30000000,14634146
1975,The Adventures of the Wilderness Family ,28819175,14058134
1975,The Hindenburg ,27945225,13631817
1975,Lucky Lady ,24441725,11922792
1975,Snow White and the Seven Dwarfs ,23300000,11365854
1975,Love and Death ,20123742,9816459
1975,Barry Lyndon ,20000000,9756097
1975,The Great Waldo Pepper ,20000000,9756097
1975,The Adventure of Sherlock Holmes' Smarter Brother ,20000000,9756097
1975,Alice Doesn't Live Here Anymore ,17600000,8585365
1975,W.W. and the Dixie Dancekings ,17000000,8292682
1975,Breakout ,16000000,7804878
1975,The Eiger Sanction ,14200000,6926829
1975,French Connection II ,12000000,5853658
1975,Race with the Devil ,12000000,5853658
1974,Blazing Saddles ,119500000,63903743
1974,Towering Inferno ,116000000,62032085
1974,The Trial of Billy Jack ,89000000,47593582
1974,Young Frankenstein ,86300000,46149732
1974,Earthquake ,79700000,42620320
1974,The Godfather: Part II ,57300000,30641711
1974,Airport 1975 ,47285152,25286177
1974,The Life and Times of Grizzly Adams ,45411063,24283990
1974,The Longest Yard ,43008075,22998970
1974,Murder on the Orient Express ,35733867,19109019
1974,Herbie Rides Again ,31765098,16986683
1974,Benji ,31559560,16876770
1974,Freebie and the Bean ,30000000,16042780
1974,"Dirty Mary, Crazy Larry ",28401735,15188093
1974,The Texas Chainsaw Massacre ,26572439,14209860
1974,The Great Gatsby ,26533200,14188877
1974,Erinnerungen an die Zukunft ,25900000,13850267
1974,Thunderbolt and Lightfoot ,25000000,13368983
1974,Chinatown ,23169837,12390287
1974,Death Wish ,22000000,11764705
1974,The Man with the Golden Gun ,21000000,11229946
1974,The Groove Tube ,20447000,10934224
1974,That's Entertainment ,19100000,10213903
1974,Macon County Line ,18800000,10053475
1974,Gone with the Wind ,17045642,9115317
1973,The Exorcist ,193000000,109039548
1973,The Sting ,159616327,90178715
1973,American Graffiti ,115000000,64971751
1973,Papillon ,53267000,30094350
1973,The Way We Were ,49919870,28203316
1973,Magnum Force ,44680473,25243205
1973,Live and Let Die ,35400000,20000000
1973,Robin Hood ,32056467,18110998
1973,Paper Moon ,30933743,17476690
1973,Serpico ,27274150,15409124
1973,Jesus Christ Superstar ,24477615,13829161
1973,The World's Greatest Athlete ,22583370,12758966
1973,Enter the Dragon ,21483063,12137323
1973,Sleeper ,18344729,10364253
1973,A Touch of Class ,16800000,9491525
1973,The Day of the Jackal ,16056255,9071330
1973,High Plains Drifter ,15700000,8870056
1973,The Last Detail ,10000000,5649717
1973,Battle for the Planet of the Apes ,8800000,4971751
1973,Pat Garrett and Billy the Kid ,8000000,4519774
1973,Westworld ,3000000,1694915
1973,Lost Horizon ,3000000,1694915
1973,The Day of the Dolphin ,2300000,1299435
1973,Jonathan Livingston Seagull ,1600000,903954
1972,The Godfather ,133744459,78673211
1972,The Poseidon Adventure ,93300000,54882352
1972,"What's Up, Doc? ",57142740,33613376
1972,Deliverance ,46122355,27130797
1972,Deep Throat ,45000000,26470588
1972,Jeremiah Johnson ,44693786,26290462
1972,Cabaret ,41326446,24309674
1972,The Getaway ,36734619,21608599
1972,Last Tango in Paris ,36144824,21261661
1972,Lady Sings the Blues ,19726490,11603817
1972,Everything You Always Wanted to Know ,18016290,10597817
1972,The Valachi Papers ,17106087,10062404
1972,Sounder ,16889761,9935153
1972,The Life and Times of Judge Roy Bean ,16530578,9723869
1972,Pete 'n' Tillie ,14999969,8823511
1972,Frenzy ,12600000,7411764
1972,Across 110th Street ,10000000,5882352
1972,Shaft's Big Score ,10000000,5882352
1972,Conquest of the Planet of the Apes ,9700000,5705882
1972,The Cowboys ,7500000,4411764
1972,Joe Kidd ,6330000,3723529
1972,The Last House on the Left ,3100000,1823529
