imdb_id,title,year,boxOffice,numTickets,boxOfficeAdjusted,ticketPriceAdjusted
tt0078721,10,1979,52134699,20770796,30031508.640552998,1.445852563404551
tt0078723,1941,1979,34175000,13615537,19686059.9078341,1.445852624676801
tt0322259,2 Fast 2 Furious,2003,127120058,21081269,28897489.88406456,1.370766147145343
tt0298203,8 Mile,2002,115270265,19839976,26794575.77870758,1.350534687073592
tt0075784,A Bridge Too Far,1977,50800000,22780269,35058661.145617664,1.5389924124959922
tt1517451,A Star Is Born,2018,201157885,22080997,33498398.834304743,1.517069126647893
tt0117913,A Time to Kill,1996,108766007,24607693,28996536.123700347,1.1783524820347988
tt0090264,A View to a Kill,1985,50327960,14176890,19567636.08087092,1.3802488473050802
tt0109040,Ace Ventura: Pet Detective,1994,72217396,17700342,20371620.874471087,1.150916794402678
tt0118571,Air Force One,1997,172480186,37577382,44928415.21229487,1.195623878542014
tt0080339,Airplane!,1980,83453539,31023620,42340709.79198376,1.364789466605888
tt0103639,Aladdin,1992,123559796,29773444,36817579.26102504,1.2365912140034936
tt6139732,Aladdin,2019,355559216,38816508,58154925.74419366,1.4982008619681515
tt0090605,Aliens,1986,85160248,22954244,32491510.11064479,1.4154903167642894
tt0343135,Along Came Polly,2004,88073507,14182529,19498230.46269648,1.374806317173508
tt1231580,Alvin and the Chipmunks: The Squeakquel,2009,155916935,20788925,30393164.71734893,1.461988280651786
tt0163651,American Pie,1999,101800948,20039556,25552446.787148595,1.2751004456959325
tt0252866,American Pie 2,2001,145096820,25635480,34269442.60746339,1.3367973842293333
tt0305224,Anger Management,2003,135560942,22481084,30816308.70652421,1.370766138613432
tt0075686,Annie Hall,1977,38251425,17153105,26398498.964803312,1.538992442756184
tt5095030,Ant-Man and the Wasp,2018,216648740,23781420,36078058.284762695,1.5170691356850303
tt1024648,Argo,2012,110106919,13832527,20052252.595155712,1.4496449271456844
tt0499549,Avatar,2009,352114898,46948653,68638381.67641325,1.4619883061695775
tt4154756,Avengers: Infinity War,2018,678815482,74513225,113041712.23980016,1.5170691141042436
tt0096874,Back to the Future Part II,1989,103826836,26021763,35017482.6306914,1.3456998524923696
tt0172156,Bad Boys II,2003,138540870,22975268,31493719.0270516,1.3707661223821894
tt2771200,Beauty and the Beast,2017,504014165,56188870,85979898.49880587,1.5301944762157678
tt0086960,Beverly Hills Cop,1984,103873224,30914650,41816917.87439614,1.352657004830918
tt0142342,Big Daddy,1999,163479795,32181062,41034085.090361446,1.2751004019184151
tt2245084,Big Hero 6,2014,211207036,25851534,37309139.02137432,1.4432079357988703
tt3480822,Black Widow,2021,183651655,20049307,29673881.88721926,1.480045264767469
tt0101507,Boyz n the Hood,1991,56190094,13346815,17252101.32023334,1.2926006182174057
tt0072737,Breakout,1975,16000000,7804878,12432012.432012431,1.5928516028069155
tt0458339,Captain America: The First Avenger,2011,176654505,22276735,32841514.221974347,1.4742516900243392
tt1216475,Cars 2,2011,191450875,24142607,35592280.163599186,1.4742517311241154
tt0381061,Casino Royale,2006,153676842,23462113,31876548.84878656,1.3586393028107298
tt1489889,Central Intelligence,2016,127440871,14733049,22202242.334494773,1.506968607414173
tt0071315,Chinatown,1974,23169837,12390287,19652109.41475827,1.5860899279216267
tt0087062,City Heat,1984,30941125,9208668,12456169.484702094,1.3526570275638228
tt0082186,Clash of the Titans,1981,30000000,10791366,13799448.022079118,1.2787489574609106
tt0109444,Clear and Present Danger,1994,121937936,29886749,34397161.0719323,1.1509167849581867
tt0389860,Click,2006,137355633,20970325,28491108.27629123,1.358639328493537
tt0075860,Close Encounters of the Third Kind,1977,166000000,74439462,114561766.73567978,1.5389924061471558
tt0094898,Coming to America,1988,128152301,31180608,45315523.69165488,1.4533239278610246
tt0118883,Conspiracy Theory,1997,76118990,16583657,19827817.139880177,1.1956239290212152
tt0317303,Daddy Day Care,2003,104148781,17271771,23675558.30870653,1.3707661078129467
tt0077394,Damien: Omen II,1978,24000000,10256410,15384615.384615384,1.5000000375000009
tt0097165,Dead Poets Society,1989,95860116,24025091,32330561.88870152,1.3456998722169886
tt0106697,Demolition Man,1993,50904671,12295814,14733624.023154847,1.198263410877462
tt0099422,Dick Tracy,1990,103738726,24582636,33196392.32,1.3504000270760224
tt0145742,Dick Tracy,1990,103738726,24582636,33196392.32,1.3504000270760224
tt0101745,Doc Hollywood,1991,54751779,13005173,16810494.0128953,1.29260056847343
tt0090966,Down and Out in Beverly Hills,1986,62134225,16747769,23706304.845478825,1.4154903166791246
tt0240462,Dr. Dolittle 2,2001,112950721,19955957,26677071.563533302,1.3367974065855774
tt3861390,Dumbo,2019,114766307,12529073,18771067.549885508,1.498200828575706
tt1160419,Dune,2021,84116356,9183008,13591267.73307481,1.4800452894165843
tt5013056,Dunkirk,2017,188373161,21000352,32134623.16615489,1.5301945017947745
tt0099487,Edward Scissorhands,1990,44856044,10629394,14353934.08,1.35040003973886
tt0397313,Eight Below,2006,81612565,12459933,16928555.27898776,1.3586393505476926
tt0319343,Elf,2003,170837644,28331284,38835563.537167534,1.3707660950759426
tt0082340,Escape from New York,1981,25244700,9080827,11612097.516099356,1.278748897660902
tt0077523,Every Which Way but Loose,1978,82672336,35330058,52995087.179487176,1.5000000050802966
tt0116253,Executive Decision,1996,56679192,12823346,15110421.75419888,1.1783524950663329
tt3183660,Fantastic Beasts and Where to Find Them,2016,222675573,25742841,38793653.832752615,1.506968629948521
tt4123430,Fantastic Beasts: The Crimes of Grindelwald,2018,156781859,17209864,26108552.70607827,1.517069089336108
tt0983946,Fantasy Island,2020,26441782,2886657,4272383.58377767,1.4800454587357177
tt6806448,Fast & Furious Presents: Hobbs & Shaw,2019,173956935,18990932,28452230.127576057,1.498200832248573
tt0083929,Fast Times at Ridgemont High,1982,27092880,9215265,11738682.842287697,1.2738301982946445
tt0093010,Fatal Attraction,1987,137550694,35179205,50625945.52815605,1.4390872541933808
tt0083943,Firefox,1982,45785720,15573374,19837833.62218371,1.2738301682206894
tt0099582,Flatliners,1990,61308153,14527998,19618608.96,1.350400031718066
tt0119137,Flubber,1997,83134090,18112002,21655141.96405314,1.195623872173443
tt0322330,Freaky Friday,2003,110180505,18272057,25046716.2991589,1.3707660992497397
tt0071521,Freebie and the Bean,1974,30000000,16042780,25445292.62086514,1.586089980718126
tt0073018,French Connection II,1975,12000000,5853658,9324009.324009323,1.5928517388630026
tt0068611,Frenzy,1972,12600000,7411764,12600000.0,1.700000161904777
tt2294629,Frozen,2013,296691729,36493447,53256458.26602047,1.459343050439178
tt2820852,Furious 7,2015,353007020,41875091,62280702.18772054,1.4872971186551105
tt5052448,Get Out,2017,175484140,19563449,29935881.95155237,1.5301944944141683
tt0113161,Get Shorty,1995,69066951,15877460,18953608.94621295,1.1937431394072446
tt0087332,Ghostbusters,1984,220855498,65730802,88911231.07890499,1.3526570249196863
tt0172495,Gladiator,2000,186610052,34621530,45315699.8542982,1.3088878467906588
tt0120685,Godzilla,1998,136314294,29064881,34970316.57260133,1.2031811371462808
tt0831387,Godzilla,2014,200676069,24562554,35448872.81399047,1.4432079340768256
tt5034838,Godzilla vs. Kong,2021,100563133,10978507,16248688.479560511,1.4800453722496612
tt2267998,Gone Girl,2014,166197583,20342421,29358343.578872997,1.4432079435811989
tt0187078,Gone in 60 Seconds,2000,101643008,18857700,24682614.86158329,1.308887874002837
tt0077631,Grease,1978,153097492,65426279,98139417.94871797,1.4999999915739963
tt1375670,Grown Ups,2010,162001186,20532470,31064465.196548417,1.512943410926616
tt2191701,Grown Ups 2,2013,133668525,16441392,23993632.20247712,1.4593431141643671
tt2015381,Guardians of the Galaxy,2014,333055258,40765637,58833290.58470235,1.4432079298724647
tt0427327,Hairspray,2007,118871849,17277885,23975766.23638564,1.387656315364157
tt10665338,Halloween Kills,2021,89699535,9792525,14493380.998545809,1.4800453405578038
tt0295297,Harry Potter and the Chamber of Secrets,2002,252097945,43390351,58600173.17526733,1.3505346655358312
tt0373889,Harry Potter and the Order of the Phoenix,2007,292004738,42442549,58895671.23840258,1.3876563172113574
tt0077663,Heaven Can Wait,1978,98800000,42222222,63333333.33333333,1.5000000078947369
tt0071607,Herbie Rides Again,1974,31765098,16986683,26942407.12468193,1.586089946146751
tt0119282,Hercules,1997,99112101,21593050,25817166.189111747,1.195623878475331
tt0076138,Heroes,1977,33000000,14798206,22774327.122153208,1.5389924374720292
tt0164052,Hollow Man,2000,73209340,13582437,17777887.32394366,1.3088878913219817
tt2224026,Home,2015,177397510,21043595,31298078.68736768,1.4872971413566778
tt5884960,Home,2015,177397510,21043595,31298078.68736768,1.4872971413566778
tt5220122,Hotel Transylvania 3: Summer Vacation,2018,167500092,18386398,27893437.46877602,1.517069165411084
tt0892769,How to Train Your Dragon,2010,217581231,27576835,41722191.946308725,1.5129434522238947
tt0119345,I Know What You Did Last Summer,1997,70426975,15343567,18345135.45194061,1.1956239023129769
tt1667889,Ice Age: Continental Drift,2012,161204082,20251769,29357873.24713167,1.4496448802636288
tt2024432,Identity Thief,2013,134506920,16544516,24144124.93268713,1.45934307976656
tt0107206,In the Line of Fire,1993,102243874,24696587,29593017.076700438,1.1982634311656275
tt0107211,Indecent Proposal,1993,106614059,25752188,30857904.19681621,1.198263394039225
tt0116629,Independence Day,1996,306169255,69269062,81623368.43508399,1.1783524430442551
tt0077745,Invasion of the Body Snatchers,1978,24946533,10660911,15991367.307692308,1.5000000757620346
tt1396484,It,2017,327481748,36508556,55865190.71989082,1.5301944760535262
tt0073195,Jaws,1975,260000000,126829268,202020202.02020204,1.5928515965274044
tt0077766,Jaws 2,1978,102922376,43983921,65975882.05128205,1.5000000125337176
tt1156454,Journey to the Center of the Earth,2008,101704370,14164954,19752256.74888328,1.3944455272416187
tt0373051,Journey to the Center of the Earth,2008,101704370,14164954,19752256.74888328,1.3944455272416187
tt7975244,Jumanji: The Next Level,2019,235933751,25756959,38589098.95322211,1.4982008921636327
tt0369610,Jurassic World,2015,652270625,77374926,115079503.35215244,1.4872971038725444
tt4881806,Jurassic World: Fallen Kingdom,2018,417719760,45852883,69561991.67360532,1.5170690940764908
tt0074751,King Kong,1976,52614445,24701617,38658666.42174871,1.565025739883697
tt8946378,Knives Out,2019,130119450,14205180,21282212.95387635,1.498200864323884
tt0093378,La Bamba,1987,54215416,13865835,19954146.48509385,1.4390872590863697
tt0107362,Last Action Hero,1993,50016394,12081254,14476525.03617945,1.1982634448526162
tt0250494,Legally Blonde,2001,96493426,17048308,22790133.679735474,1.3367973924295289
tt0275847,Lilo & Stitch,2002,145771527,25089763,33884594.83960949,1.3505346718344644
tt0970866,Little Fockers,2010,102576190,13000785,19669451.581975076,1.5129433785709918
tt0070328,Live and Let Die,1973,35400000,20000000,33333333.33333333,1.6666666666666663
tt1392190,Mad Max: Fury Road,2015,153214368,18174895,27031469.30134086,1.487297137141142
tt0479952,Madagascar: Escape 2 Africa,2008,177016810,24654152,34378871.62555836,1.3944455126892363
tt0077889,Magic,1978,23800000,10170940,15256410.256410256,1.5000000252100845
tt0070355,Magnum Force,1973,44680473,25243205,42072008.47457627,1.666666672261952
tt4777008,Maleficent: Mistress of Evil,2019,113294737,12368421,18530378.966306835,1.4982008589703435
tt0089560,Mask,1985,42417782,11948670,16492139.191290824,1.380248947480416
tt0317919,Mission: Impossible III,2006,133501348,20381885,27691629.95229206,1.3586392991763057
tt0369735,Monster-in-Law,2005,82931301,12937800,17758308.565310493,1.372591056076805
tt1453405,Monsters University,2013,268488329,33024394,48193920.12206067,1.4593430578032915
tt0864835,Mr. Peabody & Sherman,2014,111506430,13648277,19697302.596714363,1.443208003231057
tt0120762,Mulan,1998,120620254,25718604,30944139.04566444,1.2031811308912583
tt0074937,Murder by Death,1976,32511047,15263402,23887617.193240263,1.5650257520073354
tt0071877,Murder on the Orient Express,1974,35733867,19109019,30308623.40966921,1.586089971948283
tt0074958,Network,1976,23689877,11122007,17406228.50844967,1.5650258544568143
tt0102526,New Jack City,1991,47624253,11312174,14622122.505373042,1.2926005651409749
tt10954652,Old,2021,48242510,5266649,7794879.625141379,1.4800453998626792
tt1114740,Paul Blart: Mall Cop,2009,146336178,19511490,28525570.76023392,1.4619883340654107
tt0091738,Peggy Sue Got Married,1986,39419555,10625216,15039891.262876764,1.415490401595296
tt0089822,Police Academy 2: Their First Assignment,1985,55337042,15587899,21515179.62674961,1.3802488473109569
tt0091777,Police Academy 3: Back in Training,1986,43579163,11746405,16626922.16711179,1.4154902855053773
tt0091778,Poltergeist II: The Other Side,1986,40996665,11050314,15641611.980160244,1.4154902729605914
tt0100404,Presumed Innocent,1990,86303188,20450992,27617020.16,1.3504000275390065
tt0110912,Pulp Fiction,1994,63660214,15602993,17957747.24964739,1.1509168304854966
tt0448694,Puss in Boots,2011,145738327,18378099,27093944.41345975,1.4742517391738803
tt5109280,Raya and the Last Dragon,2021,54723032,5974130,8841982.872838907,1.4800452740129368
tt1436562,Rio,2011,143619809,18110947,26700094.62725414,1.4742517123623706
tt0107969,Rising Sun,1993,63095271,15240403,18262017.65557164,1.1982634353941717
tt0086200,Risky Business,1983,63541777,20171992,26675808.984047014,1.3224181818060912
tt0257044,Road to Perdition,2002,104054514,17909554,24187474.198047426,1.3505347033235682
tt0102798,Robin Hood: Prince of Thieves,1991,165493908,39309716,50811761.74393614,1.2926005810862673
tt0075148,Rocky,1976,117235147,55039975,86138976.48787656,1.5650257197223756
tt0084602,Rocky III,1982,125049125,42533715,54180730.06932409,1.2738301855204537
tt3748528,Rogue One: A Star Wars Story,2016,424987707,49131526,74039670.20905922,1.5069686662909518
tt0091875,Running Scared,1986,38500726,10377554,14689326.974437237,1.415490295154064
tt0206275,Save the Last Dance,2001,91038276,16084501,21501718.46953236,1.3367973597398113
tt0134084,Scream 3,2000,89138076,16537676,21645963.08887809,1.308887844270144
tt0098273,Sea of Love,1989,58571513,14679577,19754304.55311973,1.34569984905694
tt0078227,Semi-Tough,1977,37187139,16675847,25664002.07039337,1.5389924164207895
tt0070666,Serpico,1973,27274150,15409124,25681873.82297552,1.6666666984427874
tt1000774,Sex and the City,2008,152647258,21260064,29646000.776849877,1.394445509517275
tt0073692,Shampoo,1975,49407734,24101333,38389847.70784771,1.5928516363741254
tt0448115,Shazam!,2019,140371656,15324417,22959053.97448479,1.4982008108030989
tt1515091,Sherlock Holmes: A Game of Shadows,2011,136910219,17264845,25452727.086819112,1.4742516997296595
tt0075222,Silent Movie,1976,36145695,16969809,26558188.831741367,1.565025795619819
tt0105417,Sister Act,1992,139605150,33639795,41598674.01668654,1.2365911866194943
tt0069303,Sounder,1972,16889761,9935153,16889761.0,1.7000000905874324
tt0094012,Spaceballs,1987,38119483,9749228,14029990.06256901,1.4390872859439752
tt0114508,Species,1995,60054449,13805620,16480364.709110867,1.1937431791626067
tt0145487,Spider-Man,2002,403706375,69484746,93841556.25290564,1.3505346375290144
tt6320628,Spider-Man: Far from Home,2019,390532085,42634507,63875054.79228001,1.498200853882983
tt0227538,Spy Kids,2001,112692062,19910258,26615980.632971182,1.3367973751505977
tt0796366,Star Trek,2009,257730019,34364003,50239769.78557505,1.4619882842396168
tt0098382,Star Trek V: The Final Frontier,1989,52210049,13085225,17608785.49747049,1.3456998635843471
tt0102975,Star Trek VI: The Undiscovered Country,1991,70740158,16802887,21719422.16763893,1.2926006208123004
tt0117731,Star Trek: First Contact,1996,89187714,20178215,23777049.85337244,1.17835248823409
tt0111280,Star Trek: Generations,1994,71454304,17513309,20156362.20028209,1.1509168370341716
tt0079945,Star Trek: The Motion Picture,1979,82258456,32772293,47383903.22580645,1.445852544581072
tt0335438,Starsky & Hutch,2004,88200225,14202934,19526284.038078368,1.3748063631133094
tt0079948,Starting Over,1979,38200000,15219123,22004608.294930875,1.4458525826311328
tt0098384,Steel Magnolias,1989,50788964,12729063,17129498.819561552,1.3456999010501836
tt0083131,Stripes,1981,85300000,30683453,39236430.54277829,1.2787488599401864
tt0164912,Stuart Little,1999,79403127,15630536,19930503.76506024,1.2751004677677236
tt0086383,Sudden Impact,1983,41852579,13286533,17570352.22502099,1.3224181376000037
tt1386697,Suicide Squad,2016,325100054,37583821,56637640.069686405,1.506968652008171
tt3263904,Sully,2016,124976335,14448131,21772880.662020907,1.506968663422342
tt0078346,Superman,1978,40925251,17489424,26234135.256410256,1.4999999574834628
tt0086393,Superman III,1983,59950623,19031943,25168187.65743073,1.3224181922692144
tt1291150,Teenage Mutant Ninja Turtles,2014,191204754,23403274,33775791.20296767,1.4432079547061525
tt0103060,Teenage Mutant Ninja Turtles II: The Secret of the Ooze,1991,78656813,18683328,24150080.749155663,1.2926005874946724
tt0181852,Terminator 3: Rise of the Machines,2003,150358296,24935040,34180108.20641055,1.3707661269607168
tt0438488,Terminator Salvation,2009,125322469,16709663,24429331.189083826,1.4619882632632282
tt1872181,The Amazing Spider-Man 2,2014,202853933,24829122,35833586.468821764,1.4432079583330315
tt0072653,The Apple Dumpling Gang,1975,31916500,15569024,24799145.2991453,1.5928516327770643
tt0074174,The Bad News Bears,1976,42349782,19882526,31116665.686994854,1.5650257762517126
tt0115685,The Birdcage,1996,124060553,28067998,33073994.40149293,1.1783524568262025
tt0878804,The Blind Side,2009,208476067,27796809,40638609.55165693,1.461988300587198
tt0103855,The Bodyguard,1992,98542557,23745194,29363098.033373065,1.236591203818889
tt0258463,The Bourne Identity,2002,121468960,20906877,28235462.57554626,1.3505346865314347
tt0499448,The Chronicles of Narnia: Prince Caspian,2008,141621490,19724441,27504659.15711789,1.3944455590461544
tt0109446,The Client,1994,92115211,22577257,25984544.710860368,1.150916814689241
tt0481499,The Croods,2013,187168425,23021946,33596917.07054389,1.4593430577303887
tt0382625,The Da Vinci Code,2006,217536138,33211624,45122617.2993155,1.3586392914515562
tt1345836,The Dark Knight Rises,2012,448139099,56298881,81613385.35785832,1.449644893614463
tt0069946,The Day of the Dolphin,1973,2300000,1299435,2165725.047080979,1.6666667028985516
tt0072926,The Eiger Sanction,1975,14200000,6926829,11033411.033411032,1.5928516545465512
tt0080678,The Elephant Man,1980,26010864,9669466,13196785.388127854,1.3647894711174178
tt0077504,The End,1978,30354004,12971796,19457694.871794872,1.500000067206952
tt0232500,The Fast and the Furious,2001,144512310,25532210,34131391.119508736,1.3367973676978504
tt0091064,The Fly,1986,37585000,10130727,14339946.585272796,1.4154903774697312
tt0082406,The Fox and the Hound,1981,43899231,15791090,20192838.546458144,1.2787488733493473
tt0076070,The Gauntlet,1977,35400000,15874439,24430641.82194617,1.53899245333622
tt0091129,The Golden Child,1986,54500686,14690211,20793851.96489889,1.415490353739568
tt1979388,The Good Dinosaur,2015,114766932,13614108,20248223.71206775,1.4872971267796429
tt0089218,The Goonies,1985,61389680,17292867,23868460.342146188,1.38024888193185
tt1411697,The Hangover Part II,2011,254464305,32088815,47306991.07640826,1.4742517315272707
tt2310332,The Hobbit: The Battle of the Five Armies,2014,220602017,27001470,38968736.44232468,1.4432079602453007
tt1170358,The Hobbit: The Desolation of Smaug,2013,228934309,28159201,41093934.48213965,1.459343057430488
tt1951264,The Hunger Games: Catching Fire,2013,407139699,50078683,73081977.92137857,1.4593430486456396
tt1951266,The Hunger Games: Mockingjay - Part 2,2015,274185395,32524957,48374275.75864502,1.4872971471920784
tt0317705,The Incredibles,2004,251657004,40524477,55713306.17666592,1.374806297356186
tt0317740,The Italian Job,2003,106126012,17599670,24125031.14344169,1.3707661077418891
tt0110366,The Little Rascals,1994,51764950,12687487,14602242.595204514,1.150916851792992
tt0077869,The Lord of the Rings,1978,27000000,11538461,17307692.307692308,1.5000000700000031
tt0167261,The Lord of the Rings: The Two Towers,2002,262300833,45146442,60971834.72803348,1.35053466069449
tt0079510,The Main Event,1979,37198813,14820244,21427887.67281106,1.445852556328429
tt0110475,The Mask,1994,118866164,29133863,33530652.75035261,1.150916812863183
tt0120746,The Mask of Zorro,1998,93828745,20006128,24070996.664956387,1.2031811785347164
tt0074906,The Missouri Breaks,1976,14000000,6572769,10286554.004408523,1.5650259433137728
tt0079588,The Muppet Movie,1979,76657000,30540637,44157258.06451613,1.4458525558755086
tt0095705,The Naked Gun: From the Files of Police Squad!,1988,54989495,13379439,19444658.769448373,1.453323922583628
tt0076507,The Other Side of Midnight,1977,24652021,11054717,17013126.984126985,1.538992539033517
tt0230600,The Others,2001,96522687,17053478,22797044.638639584,1.3367973757986251
tt0076618,The Rescuers,1977,29052407,13027985,20049970.324361622,1.5389924323954645
tt2709768,The Secret Life of Pets,2016,368384330,42587783,64178454.70383275,1.506968669954779
tt5113040,The Secret Life of Pets 2,2019,158874395,17344366,25985344.291789334,1.4982008735164685
tt0093936,The Secret of My Success,1987,66995000,17134271,24657710.710342288,1.4390872369383143
tt0102926,The Silence of the Lambs,1991,130726716,31051476,40137155.66472214,1.2926005728269452
tt0462538,The Simpsons Movie,2007,183135014,26618461,36937275.91770876,1.3876563306086236
tt2279373,The SpongeBob Movie: Sponge Out of Water,2015,162994032,19334997,28756886.37967537,1.4872971730833664
tt0076752,The Spy Who Loved Me,1977,46800000,20986547,32298136.64596273,1.538992414805672
tt0084749,The Sword and the Sorcerer,1982,36714025,12487763,15907289.861351822,1.273830217738103
tt0120484,The Waterboy,1998,150042308,31991963,38492126.21857363,1.2031811307913065
tt0070903,The Way We Were,1973,49919870,28203316,47005527.30696798,1.6666666893697175
tt1430132,The Wolverine,2013,132556852,16304655,23794085.801471908,1.4593431017995724
tt0143145,The World Is Not Enough,1999,117877025,23204138,29587606.67670683,1.2751004444425744
tt0800369,Thor,2011,181030624,22828578,33655070.45919316,1.4742517233965762
tt0073802,Three Days of the Condor,1975,41509797,20248681,32253144.522144523,1.5928516293058557
tt0088272,Tightrope,1984,48100000,14315476,19363929.146537844,1.3526570228288493
tt1361336,Tom and Jerry,2021,46000271,5021863,7432585.393439974,1.480045432031892
tt0120347,Tomorrow Never Dies,1997,92433154,20137942,24077404.01146132,1.1956238632260097
tt0084805,Tootsie,1982,40897781,13910809,17720009.09878683,1.2738302350917787
tt0098536,Turner & Hooch,1989,71079915,17814515,23972989.88195616,1.345699834205767
tt0086491,Twilight Zone: The Movie,1983,29500000,9365079,12384550.797649032,1.3224181875720464
tt0096320,Twins,1988,73099158,17785683,25848358.557284303,1.4533239211158944
tt0105690,Under Siege,1992,80939817,19503570,24117943.087008342,1.2365912028930266
tt0078446,Up in Smoke,1978,41590893,17773885,26660828.846153844,1.500000075737738
tt0081696,Urban Cowboy,1980,46918287,17441742,23804305.936073057,1.3647894766516473
tt7097896,Venom: Let There Be Carnage,2021,197007650,21507385,31831903.37695912,1.4800452671005386
tt0396269,Wedding Crashers,2005,209218368,32639370,44800507.06638116,1.3725910477555527
tt0105812,White Men Can't Jump,1992,76253806,18374411,22721634.6841478,1.2365911856520353
tt0451279,Wonder Woman,2017,412563408,45993691,70379291.70931423,1.5301944718747236
tt1877832,X-Men: Days of Future Past,2014,233921534,28631766,41321592.298180535,1.4432079494565768
tt0115433,101 Dalmatians,1996,121795758,27555601,32470210.07731272,1.178352454635728
tt2294449,22 Jump Street,2014,191719337,23466259,33866690.86733793,1.4432079210980295
tt0104257,A Few Good Men,1992,77976752,18789578,23235027.413587604,1.2365912323090813
tt0075648,Airport '77,1977,30000000,13452914,20703933.747412007,1.5389924998711808
tt2049386,Alice in Wonderland,2010,334191110,42356287,64082667.30584852,1.5129434576229148
tt1014759,Alice in Wonderland,2010,334191110,42356287,64082667.30584852,1.5129434576229148
tt0069704,American Graffiti,1973,115000000,64971751,108286252.35404897,1.6666666772463767
tt0090633,An American Tail,1986,42865605,11554071,16354675.696299125,1.4154903233932976
tt0082010,An American Werewolf in London,1981,31973249,11501168,14707106.255749771,1.2787489284349007
tt0122933,Analyze This,1999,106885658,21040483,26828729.41767068,1.275100453619372
tt0478970,Ant-Man,2015,180202163,21376294,31792901.02328864,1.4872971443641558
tt0078788,Apocalypse Now,1979,78784010,31388051,45382494.23963134,1.4458525710829049
tt1477834,Aquaman,2018,199059824,21850694,33149013.155703586,1.5170691217269154
tt0368578,Are We There Yet?,2005,82674398,12897721,17703297.21627409,1.37259111251314
tt0295178,Austin Powers in Goldmember,2002,213117789,36681202,49539235.00697351,1.3505346691467064
tt0145660,Austin Powers: The Spy Who Shagged Me,1999,206040085,40559071,51716888.80522089,1.2751004283411935
tt4154796,Avengers: Endgame,2019,858373000,93708843,140394667.97513902,1.4982008472256885
tt0090685,Back to School,1986,91258000,24597843,34818008.393742844,1.4154903092008044
tt0088763,Back to the Future,1985,193144445,54406885,75095040.82426128,1.3802488568176854
tt0099088,Back to the Future Part III,1990,88055283,20866180,28177690.56,1.3504000521417912
tt4651520,Bad Moms,2016,113257297,13093329,19731236.411149822,1.506968656416548
tt0072684,Barry Lyndon,1975,20000000,9756097,15540015.54001554,1.592851684440565
tt0103772,Basic Instinct,1992,117727224,28368005,35079625.74493445,1.236591214113733
tt0118688,Batman & Robin,1997,107325195,23382395,27956549.88278197,1.1956238821036929
tt0372784,Batman Begins,2005,205343774,32034910,43970829.5503212,1.372591012439904
tt0112462,Batman Forever,1995,184031112,42306002,50502500.54884742,1.1937431608131497
tt0069768,Battle for the Planet of the Apes,1973,8800000,4971751,8286252.354048964,1.6666668049242537
tt0103786,Beethoven,1992,56979478,13729994,16978390.345649585,1.2365912429131132
tt0092644,Beverly Hills Cop II,1987,153665036,39300520,56556877.438351125,1.4390872547831717
tt0094746,Biloxi Blues,1988,43184798,10507250,15270437.765205093,1.453323920645753
tt0083658,Blade Runner,1982,28486729,9689363,12342603.55285962,1.2738302355747864
tt0092666,Blind Date,1987,39321000,10056521,14472211.998527788,1.4390873343304098
tt1478338,Bridesmaids,2011,169211718,21338174,31457839.37534858,1.4742517037938008
tt0305669,Bringing Down the House,2003,132675402,22002554,30160355.08070016,1.3707660974585114
tt0068327,Cabaret,1972,41326446,24309674,41326446.0,1.7000000082271771
tt3498820,Captain America: Civil War,2016,408084349,47177381,71094834.32055749,1.5069686534858195
tt1843866,Captain America: The Winter Soldier,2014,259746958,31792773,45883582.05264088,1.4432079281867258
tt0074285,Carrie,1976,25878153,12149367,19014072.74063189,1.565025794399979
tt0317219,Cars,2006,244082982,37264577,50629118.85500934,1.3586393012057896
tt0162222,Cast Away,2000,109689440,20350545,26636580.864497326,1.3088878388513587
tt0371606,Chicken Little,2005,131944653,20584189,28253673.019271947,1.3725910221321789
tt1661199,Cinderella,2015,201151353,23861370,35488947.24770642,1.487297135399452
tt5089556,Cinderella,2015,201151353,23861370,35488947.24770642,1.487297135399452
tt0120632,City of Angels,1998,78750909,16791238,20202901.23140072,1.2031811609960337
tt0088944,Commando,1985,35073978,9879993,13636849.922239505,1.3802489457471785
tt0118880,Con Air,1997,101117573,22029972,26339560.562646523,1.1956238783529332
tt0115956,Courage Under Fire,1996,59003384,13349181,15730041.055718476,1.1783525188338129
tt0068468,Deep Throat,1972,45000000,26470588,45000000.0,1.7000000151111112
tt0068473,Deliverance,1972,46122355,27130797,46122355.0,1.7000000036858482
tt1690953,Despicable Me 2,2013,367956735,45259130,66048597.1997846,1.4593430585118317
tt3469046,Despicable Me 3,2017,264624300,29501036,45142323.43909928,1.5301945138163715
tt0092890,Dirty Dancing,1987,55913006,14300001,20578949.57673905,1.4390872823532703
tt1840309,Divergent,2014,150947895,18475874,26664528.35188129,1.4432079560556266
tt0092925,Dragnet,1987,57387000,14676982,21121457.489878543,1.4390872380901294
tt0080661,Dressed to Kill,1980,31899000,11858364,16184170.471841704,1.3647894829203846
tt0461770,Enchanted,2007,119820940,17415834,24167192.41629689,1.3876563371181014
tt0116213,Eraser,1996,101295562,22917547,27004948.54705412,1.1783524889052968
tt0079116,Escape from Alcatraz,1979,43000000,17131474,24769585.25345622,1.445852543304576
tt5433138,F9: The Fast Saga,2021,173005945,18887111,27953780.09371465,1.4800453120498236
tt0119094,Face/Off,1997,112276146,24461033,29246195.884344883,1.195623908620085
tt1596343,Fast Five,2011,210031325,26485665,39046537.46049452,1.4742517305302516
tt0085549,Flashdance,1983,90463574,28718594,37977990.76406381,1.322418178413045
tt0408790,Flightplan,2005,89132263,13905189,19086137.68736617,1.3725910296772068
tt0369436,Four Christmases,2008,118189834,16460980,22953939.405709848,1.394445495086553
tt0109831,Four Weddings and a Funeral,1994,52700832,12916870,14866243.159379408,1.1509168366159457
tt0080761,Friday the 13th,1980,39754601,14778662,20169762.049720954,1.3647894545339052
tt0093058,Full Metal Jacket,1987,45015999,11513043,16568273.463378726,1.439087256373378
tt1583421,G.I. Joe: Retaliation,2013,122523060,15070487,21993010.231556278,1.459343034605071
tt1046173,G.I. Joe: The Rise of Cobra,2009,150201498,20026866,29279044.444444444,1.4619883332941082
tt0097428,Ghostbusters II,1989,112494738,28194169,37940889.713322096,1.345699875506957
tt1133985,Green Lantern,2011,116601172,14703805,21677109.499907047,1.47425169878865
tt1502407,Halloween,2018,159341510,17490835,26534805.99500416,1.5170691390664974
tt0448157,Hancock,2008,227946274,31747391,44270008.54534861,1.3944455638999946
tt0099785,Home Alone,1990,176954863,41932431,56625556.16,1.3504000318989375
tt2510894,Hotel Transylvania 2,2015,168471018,19984700,29723185.95624559,1.4872970800785397
tt0170016,How the Grinch Stole Christmas,2000,253367455,47006948,61526822.486644,1.308887836892623
tt1646971,How to Train Your Dragon 2,2014,177002924,21664984,31267077.194841903,1.4432079522810588
tt0268380,Ice Age,2002,176387405,30359277,41001256.39237564,1.350534678160341
tt1080016,Ice Age: Dawn of the Dinosaurs,2009,196573705,26209827,38318461.01364522,1.4619883226869534
tt0438097,Ice Age: The Meltdown,2006,195330621,29821468,40516619.1661481,1.358639325406385
tt0119360,In & Out,1997,63417425,13816432,16519256.316749154,1.195623900349175
tt3606756,Incredibles 2,2018,608581744,66803704,101345835.80349708,1.517069110471735
tt0367882,Indiana Jones and the Kingdom of the Crystal Skull,2008,317101119,44164501,61584991.06622645,1.3944455314060145
tt0087469,Indiana Jones and the Temple of Doom,1984,179880271,53535794,72415568.03542674,1.3526570285933694
tt0141369,Inspector Gadget,1999,97387965,19170859,24444770.3313253,1.2751004183654628
tt1300854,Iron Man 3,2013,408992272,50306552,73414516.60384132,1.4593430415155728
tt0085750,Jaws 3-D,1983,42245180,13411168,17735172.12426532,1.3224181610628785
tt0070239,Jesus Christ Superstar,1973,24477615,13829161,23048601.694915254,1.6666666687093492
tt0870154,Jungle Cruise,2021,116944343,12766849,18895515.1074487,1.480045319518442
tt0163025,Jurassic Park III,2001,181166115,32008147,42788406.94378838,1.336797376736253
tt0478311,Knocked Up,2007,148761765,21622349,30004389.87494957,1.3876563492222596
tt0070849,Last Tango in Paris,1972,36144824,21261661,36144824.0,1.7000000141099043
tt0093409,Lethal Weapon,1987,65192350,16673235,23994239.97055576,1.4390872539465651
tt0097733,Lethal Weapon 2,1989,147253986,36905760,49664076.222596966,1.3456998642650082
tt0119528,Liar Liar,1997,181410615,39523009,47254653.55561344,1.1956238847000096
tt7545266,Like a Boss,2020,22169514,2420252,3582083.373727581,1.4800456207566737
tt0081060,Little Darlings,1980,34326249,12760687,17415651.445966512,1.3647894855478009
tt0337978,Live Free or Die Hard,2007,134529403,19553692,27133804.558289632,1.387656334071828
tt0079489,Love at First Bite,1979,43900000,17490039,25288018.433179725,1.4458526040553554
tt0073317,Lucky Lady,1975,24441725,11922792,18991239.31623932,1.592851684088703
tt0097815,Major League,1989,49793054,12479462,16793610.118043847,1.3456998481219662
tt0770828,Man of Steel,2013,291045518,35798956,52242957.817268,1.4593430550675277
tt0079522,Manhattan,1979,39946780,15915051,23010817.972350232,1.4458526065892112
tt5028340,Mary Poppins Returns,2018,138817262,15237899,23116946.211490422,1.5170691321349763
tt0212338,Meet the Parents,2000,161325490,29930517,39175689.65517241,1.3088878369582593
tt2293640,Minions,2015,336045770,39863081,59288244.53069866,1.4872970940379309
tt0181689,Minority Report,2002,132024714,22723702,30689147.838214785,1.3505346900876796
tt2381249,Mission: Impossible - Rogue Nation,2015,195042377,23136699,34411146.2597036,1.4872971403441606
tt0079574,Moonraker,1979,70300000,28007968,40495391.705069125,1.4458525411436176
tt0085970,Mr. Mom,1983,64800000,20571428,27204030.22670025,1.3224181727539892
tt0110622,Naked Gun 33 1/3: The Final Insult,1994,51041856,12510258,14398266.854724964,1.1509168599660349
tt0086006,Never Say Never Again,1983,53448619,16967815,22438547.019311503,1.3224181793184038
tt0125439,Notting Hill,1999,116089678,22852298,29138975.401606426,1.2751004472988416
tt0095776,Oliver & Company,1988,40368143,9821932,14274449.434229136,1.4533239931033055
tt0327084,Over the Hedge,2006,155019340,23667074,32155017.63119685,1.3586393329059965
tt0070510,Paper Moon,1973,30933743,17476690,29127818.26741996,1.666666758260286
tt0098067,Parenthood,1989,100047830,25074644,33742944.35075886,1.3456998372841846
tt0105112,Patriot Games,1992,83287363,20069244,24817450.238379024,1.236591185915076
tt0213149,Pearl Harbor,2001,198539855,35077712,46891793.811998114,1.3367973889516545
tt0069080,Pete 'n' Tillie,1972,14999969,8823511,14999969.0,1.700000034000071
tt0325980,Pirates of the Caribbean: The Curse of the Black Pearl,2003,305410819,50648560,69427328.7110707,1.3707660930749206
tt2848292,Pitch Perfect 2,2015,184296230,21861949,32515213.479181368,1.4872971059982514
tt0087928,Police Academy,1984,81198894,24166337,32688765.70048309,1.3526570328173066
tt0081353,Popeye,1980,49823037,18521575,25278050.2283105,1.3647894538294123
tt0093773,Predator,1987,59735548,15277633,21985847.62605815,1.4390873001110938
tt5848272,Ralph Breaks the Internet,2018,187152693,20543654,31166143.713572025,1.517069150092385
tt0095956,Rambo III,1988,53715611,13069491,18994204.73833097,1.4533239847160824
tt0117438,Ransom,1996,129181606,29226607,34439244.46814183,1.1783524672618286
tt1677720,Ready Player One,2018,137690172,15114179,22929254.288093258,1.517069123509339
tt0210945,Remember the Titans,2000,113746040,21103161,27621670.7139388,1.3088878350470246
tt0088000,Revenge of the Nerds,1984,40874452,12165015,16455093.397745572,1.3526570577796715
tt0078163,Revenge of the Pink Panther,1978,37337746,15956301,23934452.564102564,1.5000000666885491
tt1318514,Rise of the Planet of the Apes,2011,176760185,22290061,32861160.996467747,1.4742517302428084
tt0100502,RoboCop 2,1990,45681173,10824922,14617975.36,1.350400063852654
tt0358082,Robots,2005,128200012,20000001,27451822.69807281,1.372591066274087
tt0107985,Rookie of the Year,1993,53579269,12941852,15507747.901591895,1.1982634248631414
tt0257076,S.W.A.T.,2003,116877597,19382686,26569128.66560582,1.3707660881265795
tt1599348,Safe House,2012,126181630,15851963,22979717.719905306,1.4496449253575283
tt0120815,Saving Private Ryan,1998,190588778,40637266,48893991.27757824,1.203181121426285
tt0175142,Scary Movie,2000,157019771,29131682,38130104.6624575,1.3088878514621127
tt0114369,Se7en,1995,87113775,20026155,23906085.34577388,1.1937431496846935
tt9376612,Shang-Chi and the Legend of the Ten Rings,2021,223846343,24437373,36168418.64598481,1.480045283344687
tt0091949,Short Circuit,1986,40697761,10969746,15527570.011446012,1.4154903870560005
tt0413267,Shrek the Third,2007,322719944,46906968,65090751.10931827,1.387656330916939
tt0075223,Silver Streak,1976,51079064,23980781,37530539.30933137,1.5650257307854725
tt0090022,Silverado,1985,33200000,9352112,12908242.61275272,1.3802489333695662
tt1074638,Skyfall,2012,296804366,37286980,54052880.349663086,1.4496448988269657
tt0081529,Smokey and the Bandit II,1980,66132626,24584619,33552829.020801622,1.3647894653482986
tt1735898,Snow White and the Huntsman,2012,155136755,19489542,28252914.769623023,1.4496448797833743
tt0186566,Space Cowboys,2000,90179885,16730961,21898952.16124332,1.3088878852352426
tt2379713,Spectre,2015,197102585,23381090,34774626.85250529,1.487297078643694
tt2250912,Spider-Man: Homecoming,2017,334201140,37257652,57011453.42886387,1.530194480018866
tt0338459,Spy Kids 3-D: Game Over,2003,111678621,18520500,25387274.607865423,1.3707661568459504
tt0092005,Stand by Me,1986,47734510,12866444,18212327.355971005,1.415490352732348
tt0084726,Star Trek II: The Wrath of Khan,1982,78912963,26841143,34191058.492201045,1.2738301976261237
tt0088170,Star Trek III: The Search for Spock,1984,76471046,22759239,30785445.249597423,1.3526570571888377
tt0415306,Talladega Nights: The Ballad of Ricky Bobby,2006,148213377,22627996,30743285.00311139,1.3586393157887862
tt1706697,Tangled,2010,167821986,21270213,32180630.10546501,1.512943481358885
tt0398286,Tangled,2010,167821986,21270213,32180630.10546501,1.512943481358885
tt1637725,Ted,2012,218665740,27470570,39822571.48060463,1.4496448919918523
tt0096754,The Abyss,1989,54243125,13594768,18294477.23440135,1.3456998482358322
tt11125620,The Addams Family 2,2021,54934210,5997184,8876104.378736468,1.480045364413776
tt0072608,The Adventure of Sherlock Holmes' Smarter Brother,1975,20000000,9756097,15540015.54001554,1.592851684440565
tt0948470,The Amazing Spider-Man,2012,262030663,32918425,47720026.04261519,1.449644873429248
tt0848228,The Avengers,2012,623357910,78311295,113523567.65616465,1.449644877615223
tt0083642,The Best Little Whorehouse in Texas,1982,69701637,23708039,30200016.03119584,1.2738301987438034
tt0080455,The Blues Brothers,1980,57229890,21275052,29035966.514459662,1.364789449842927
tt3874544,The Boss Baby,2017,175003033,19509814,29853809.791879904,1.5301944852923717
tt6932874,The Boss Baby: Family Business,2021,57300280,6255489,9258406.850864436,1.480045261188124
tt1194173,The Bourne Legacy,2012,113203870,14221591,20616257.512292843,1.449644945652905
tt0440963,The Bourne Ultimatum,2007,227471070,33062655,45879602.66236386,1.387656334990758
tt0088847,The Breakfast Club,1985,45875171,12922583,17836380.63763608,1.3802488742100616
tt0082136,The Cannonball Run,1981,57498710,20682989,26448348.66605336,1.2787488629449717
tt0090863,The Color of Money,1986,44852668,12089667,17112807.3254483,1.4154903791351987
tt7069210,The Conjuring: The Devil Made Me Do It,2021,65565074,7157759,10593807.400226207,1.4800452767725496
tt2850386,The Croods: A New Age,2020,34558715,3772785,5583893.197608661,1.4800454299963186
tt0069947,The Day of the Jackal,1973,16056255,9071330,15118884.18079096,1.6666667600882077
tt0458352,The Devil Wears Prada,2006,124740460,19044345,25874395.353661068,1.3586392891780246
tt2908446,The Divergent Series: Insurgent,2015,130179072,15442357,22967373.32392378,1.4872971350114352
tt0074483,The Enforcer,1976,46200000,21690140,33945628.214548126,1.5650257773600411
tt4630562,The Fate of the Furious,2017,225764765,25168870,38513265.950187646,1.5301944803317609
tt0119116,The Fifth Element,1997,63570862,13849861,16559224.27715551,1.1956238605683849
tt0106918,The Firm,1993,158340892,38246592,45829491.17221418,1.198263394872259
tt0109813,The Flintstones,1994,130531208,31992943,36821215.23272215,1.1509167891407224
tt10327252,The Forever Purge,2021,44539245,4862362,7196517.207949588,1.4800455432873134
tt0106977,The Fugitive,1993,183875760,44414434,53220191.02749638,1.198263407510639
tt0068646,The Godfather,1972,133744459,78673211,133744459.0,1.700000003813242
tt0082474,The Great Muppet Caper,1981,31206251,11225270,14354301.287948482,1.2787488664369304
tt0073075,The Great Waldo Pepper,1975,20000000,9756097,15540015.54001554,1.592851684440565
tt1119646,The Hangover,2009,277322503,36976334,54058967.446393766,1.4619882935499708
tt0171363,The Haunting,1999,91188905,17950571,22888781.37550201,1.2751004620132702
tt1454029,The Help,2011,169499546,21374469,31511348.94961889,1.4742517790556056
tt0119314,The Horse Whisperer,1998,75383563,16073254,19339036.1723961,1.203181146294092
tt1392170,The Hunger Games,2012,408010692,51257624,74305352.75906028,1.44964489105192
tt0099810,The Hunt for Red October,1990,120709866,28604233,38627157.12,1.3504000306528057
tt0079336,The In-Laws,1979,38200000,15219123,22004608.294930875,1.4458525826311328
tt0938283,The Last Airbender,2010,131772187,16701164,25267916.970278043,1.512943467310305
tt0102266,The Last Boy Scout,1991,53617891,12735841,16462355.234878724,1.292600562057796
tt0068833,The Last House on the Left,1972,3100000,1823529,3100000.0,1.7000003838710545
tt0104691,The Last of the Mohicans,1992,74557777,17965729,22216262.51489869,1.2365912073425294
tt0918940,The Legend of Tarzan,2016,126643061,14640816,22063251.04529617,1.5069686720532631
tt0074797,The Life and Times of Grizzly Adams,1974,45411063,24283990,38516592.87531807,1.5860899660771588
tt0110357,The Lion King,1994,300352905,73615908,84725784.20310296,1.1509167855825804
tt6105098,The Lion King,2019,543638043,59349131,88916919.03827281,1.4982008588849065
tt0097757,The Little Mermaid,1989,51085892,12803481,17229643.170320407,1.3456999053866996
tt0093428,The Living Daylights,1987,51185000,13090792,18838792.786161207,1.4390873207794614
tt0120737,The Lord of the Rings: The Fellowship of the Ring,2001,206448462,36474993,48759674.539442606,1.336797365237126
tt3659388,The Martian,2015,225345353,26731359,39757472.30063514,1.487297084320896
tt0133093,The Matrix,1999,171383253,33736860,43017884.78915662,1.275100432854647
tt0242653,The Matrix Revolutions,2003,138294428,22934399,31437696.7492612,1.370766103321966
tt4779682,The Meg,2018,145443742,15965285,24220439.966694426,1.5170690637025537
tt0209163,The Mummy Returns,2001,202007640,35690395,47710826.641473785,1.3367973832027855
tt0117218,The Nutty Professor,1996,128814019,29143443,34341247.40069315,1.178352447948348
tt1386588,The Other Guys,2010,119219978,15110263,22860973.72962608,1.5129434695892503
tt0073496,The Other Side of the Mountain,1975,34673100,16913707,26941025.641025644,1.5928516227120195
tt0187393,The Patriot,2000,113330342,21026037,27520724.137931038,1.3088878392980583
tt0177971,The Perfect Storm,2000,182618434,33880971,44346389.99514327,1.308887811838193
tt0075066,The Pink Panther Strikes Again,1976,33833201,15884131,24859074.94489346,1.5650258075115009
tt0338348,The Polar Express,2004,155754116,25081178,34481761.34602612,1.374806292831466
tt0075086,The Pom Pom Girls,1976,17900000,8403755,13152094.048493754,1.5650258781334956
tt0247638,The Princess Diaries,2001,108225136,19121048,25560967.406707603,1.3367974081079448
tt1041829,The Proposal,2009,163958031,21861071,31960629.82456141,1.4619882907183004
tt0454921,The Pursuit of Happyness,2006,98411670,15024682,20413123.83322962,1.3586393264915435
tt0298130,The Ring,2002,127230430,21898524,29574716.410971645,1.3505346940721503
tt0134067,The Rugrats Movie,1998,89186192,19016245,22879987.68599281,1.203181158319785
tt0081505,The Shining,1980,44017374,16363336,22332508.371385083,1.3647894519421395
tt0167404,The Sixth Sense,1999,276386495,54406790,69374120.2309237,1.275100409910669
tt6334354,The Suicide Squad,2021,55800219,6091726,9016031.50751333,1.480045476029836
tt0108333,The Three Musketeers,1993,52242170,12618881,15120743.849493489,1.1982634474081724
tt0072317,The Trial of Billy Jack,1974,89000000,47593582,75487701.44189991,1.586089936283844
tt0120382,The Truman Show,1998,125618201,26784264,32226321.44689584,1.2031811457240655
tt0076843,The Turning Point,1977,33600000,15067264,23188405.79710145,1.5389924671859103
tt1325004,The Twilight Saga: Eclipse,2010,300531751,38090209,57628331.92713327,1.5129434424246206
tt0094226,The Untouchables,1987,76270454,19506509,28071569.37799043,1.4390873004488107
tt1606389,The Vow,2012,125014030,15705280,22767078.856310327,1.449644887344277
tt0094332,The Witches of Eastwick,1987,63749955,16304336,23463362.16415164,1.4390872565525905
tt0114709,Toy Story,1995,150004917,34483888,41164905.8726674,1.193743172830958
tt0086465,Trading Places,1983,90400000,28698412,37951301.42737196,1.3224181682028942
tt0418279,Transformers,2007,319246193,46402062,64390115.57079467,1.3876563410219716
tt2109248,Transformers: Age of Extinction,2014,245439076,30041502,43356134.25189896,1.443207941197446
tt0105695,Unforgiven,1992,72251090,17409901,21528930.27413588,1.2365911945240744
tt1049413,Up,2009,293004164,39067222,57115821.44249513,1.461988299103917
tt6857112,Us,2019,175084580,19114037,28636666.666666668,1.498200859748606
tt0338526,Van Helsing,2004,120150546,19347914,26599633.827761788,1.3748062880454084
tt0073878,W.W. and the Dixie Dancekings,1975,17000000,8292682,13209013.20901321,1.5928517708762029
tt0493464,Wanted,2008,134508551,18733781,26123237.71606137,1.394445558857626
tt0086567,WarGames,1983,74433837,23629789,31248462.216624685,1.3224181653346412
tt0486946,Wild Hogs,2007,168213584,24449648,33927709.56030657,1.3876563605458276
tt0090329,Witness,1985,65532576,18459880,25479228.61586314,1.3802488757165887
tt0111742,Wolf,1994,65011757,15934254,18339000.56417489,1.1509167962412858
tt2543472,Wonder,2017,121559294,13551761,20736829.409757763,1.5301944455600835
tt0120903,X-Men,2000,157299717,29183620,38198085.72122389,1.3088878528854162
tt0458525,X-Men Origins: Wolverine,2009,179883157,23984421,35064942.88499025,1.4619883000298508
tt1270798,X-Men: First Class,2011,146408305,18462586,27218498.791596957,1.4742516997129738
tt0376994,X-Men: The Last Stand,2006,234362462,35780528,48612831.77763949,1.3586393073249086
tt0295701,xXx,2002,141930000,24428571,32991631.79916318,1.350534658747054
tt0084938,Young Doctors in Love,1982,30688860,10438387,13296733.102253037,1.2738302481267494
tt1190080,2012,2009,163442129,21792284,31860064.132553607,1.4619882951485768
tt0343660,50 First Dates,2004,120776832,19448765,26738284.702236,1.374806302725957
tt0104694,A League of Their Own,1992,107533925,25911789,32042289.92848629,1.2365911874508664
tt0093629,A Nightmare on Elm Street 3: Dream Warriors,1987,44793222,11456067,16486279.72027972,1.439087229524733
tt6644200,A Quiet Place,2018,188024361,20639337,31311300.74937552,1.5170691165794483
tt0075265,A Star Is Born,1976,63129898,29638449,46384936.0764144,1.5650257567936297
tt0068168,Across 110th Street,1972,10000000,5882352,10000000.0,1.7000002720000436
tt0078754,All That Jazz,1979,37823676,15069193,21787831.797235023,1.4458525945772294
tt0084434,An Officer and a Gentleman,1982,111907443,38063756,48486760.39861352,1.2738301600770434
tt0078444,An Unmarried Woman,1978,24000000,10256410,15384615.384615384,1.5000000375000009
tt0099044,Another 48 Hrs.,1990,80047413,18968581,25615172.16,1.3504000199066024
tt0120587,Antz,1998,89325670,19045985,22915769.625448942,1.2031811232366794
tt0099052,Arachnophobia,1990,53208180,12608573,17026617.6,1.350400049236341
tt0120591,Armageddon,1998,201578182,42980422,51713232.93996921,1.2031811353543531
tt2395427,Avengers: Age of Ultron,2015,459005868,54449094,80981980.94565985,1.4872971246437976
tt0086927,Bachelor Party,1984,38435947,11439269,15473408.615136877,1.3526571160392222
tt0101393,Backdraft,1991,77868585,18496100,23908070.31010132,1.292600619054899
tt0112442,Bad Boys,1995,65647413,15091359,18015206.641053785,1.1937431639558629
tt1502397,Bad Boys for Life,2020,204417855,22316359,33029222.006786235,1.4800452890539284
tt0096895,Batman,1989,251188924,62954617,84718018.21247892,1.3456998429913238
tt2975590,Batman v Superman: Dawn of Justice,2016,330360194,38191930,57554040.76655052,1.506968638834186
tt0094721,Beetlejuice,1988,73326666,17841037,25928806.93069307,1.4533239817109886
tt0077229,Beyond and Back,1978,23800000,10170940,15256410.256410256,1.5000000252100845
tt0099141,Bird on a Wire,1990,70978012,16819434,22712963.84,1.3504000098933175
tt1825683,Black Panther,2018,700059566,76845177,116579444.79600333,1.517069116725482
tt0445934,Blades of Glory,2007,118594548,17237579,23919836.224283986,1.3876563654492309
tt0071230,Blazing Saddles,1974,119500000,63903743,101357082.2731128,1.586089914531498
tt0085255,Blue Thunder,1983,42313354,13432810,17763792.61125105,1.3224182141525898
tt1727824,Bohemian Rhapsody,2018,189813133,20835690,31609181.182348043,1.5170690858977094
tt1217209,Brave,2012,237277071,29808677,43211996.17556001,1.4496448861370137
tt0115759,Broken Arrow,1996,70645997,15983257,18833910.15729139,1.1783524570299653
tt0080474,Brubaker,1980,37121708,13799891,18833946.220192797,1.3647894914672003
tt0315327,Bruce Almighty,2003,242704995,40249584,55172765.40122755,1.3707661028553126
tt0094812,Bull Durham,1988,50888729,12381685,17994600.070721358,1.4533240080587866
tt0077289,California Suite,1978,42913571,18339132,27508699.35897436,1.500000074102436
tt0101540,Cape Fear,1991,79091969,18786690,24283687.135400675,1.2926006196621478
tt4154664,Captain Marvel,2019,426829839,46597144,69811880.76545633,1.4982008503666304
tt3606752,Cars 3,2017,152901115,17045832,26083438.24633231,1.5301944924913204
tt0239395,Cats & Dogs,2001,93375151,16497376,22053649.26783184,1.3367973954059018
tt0367594,Charlie and the Chocolate Factory,2005,206459076,32208904,44209652.248394005,1.3725910154655994
tt0120630,Chicken Run,2000,106793915,19813342,25933442.20495386,1.3088878294713664
tt0101587,City Slickers,1991,124033791,29461708,38082220.14123426,1.2926005559906528
tt0106582,Cliffhanger,1993,84049211,20301741,24326833.863965265,1.1982634328733317
tt0844471,Cloudy with a Chance of Meatballs,2009,124264907,16568654,24223178.75243665,1.4619883276237555
tt0090859,Cobra,1986,49042224,13218928,18711264.402899656,1.4154903032151818
tt7002100,Coco,2017,179834199,20048405,30677959.57011259,1.5301945252059996
tt2380307,Coco,2017,179834199,20048405,30677959.57011259,1.5301945252059996
tt0088933,Cocoon,1985,76257348,21480943,29649046.6562986,1.380248839927493
tt0094894,Colors,1988,46616067,11342108,16483757.779349364,1.453324001089512
tt0082198,Conan the Barbarian,1982,38264085,13014994,16578892.980935875,1.2738302438661038
tt0118884,Contact,1997,100920329,21986999,26288181.55769732,1.195623902911776
tt0077369,Convoy,1978,45000000,19230769,28846153.846153844,1.5000000180000002
tt0106611,Cool Runnings,1993,62663954,15136220,18137179.16063676,1.198263447587096
tt0090555,Crocodile Dundee,1986,129589193,34929701,49442652.80427318,1.4154902959024236
tt0099348,Dances with Wolves,1990,80160886,18995470,25651483.52,1.3504000437999164
tt0112792,Dangerous Minds,1995,84409943,19404584,23164089.73655324,1.193743176176992
tt0287978,Daredevil,2003,102543518,17005558,23310642.873380315,1.370766126779275
tt0099371,Days of Thunder,1990,82670733,19590221,26454634.56,1.3504000062071786
tt1431045,Deadpool,2016,363070709,41973492,63252736.75958188,1.5069686543969674
tt5463162,Deadpool 2,2018,324512774,35621600,54040428.64279767,1.5170690997259435
tt0104070,Death Becomes Her,1992,58422650,14077746,17408417.75923719,1.2365912667579873
tt0120647,Deep Impact,1998,140464664,29949821,36035060.03078502,1.2031811485880004
tt0106701,Dennis the Menace,1993,51270765,12384242,14839584.65991317,1.1982634593149235
tt0099423,Die Hard 2,1990,117323878,27801866,37543640.96,1.3504000400548657
tt0130623,Dinosaur,2000,137748063,25556226,33450233.851384163,1.3088878557962418
tt0072890,Dog Day Afternoon,1975,46665856,22763832,36259406.37140638,1.592851606504844
tt0150377,Double Jeopardy,1999,114032117,22447267,28622519.32730924,1.275100408762868
tt0083866,E.T. the Extra-Terrestrial,1982,321999812,109523745,139514649.9133449,1.273830162704397
tt0082329,Endless Love,1981,33000000,11870503,15179392.824287027,1.2787489143709436
tt0120660,Enemy of the State,1998,96822391,20644433,24838992.047203694,1.2031811213804562
tt0070034,Enter the Dragon,1973,21483063,12137323,20228872.88135593,1.6666667667455113
tt0137494,Entrapment,1999,87707396,17265235,22014908.63453815,1.2751004335902842
tt0082348,Excalibur,1981,34200000,12302158,15731370.745170193,1.27874887846264
tt0361596,Fahrenheit 9/11,2004,119114517,19181081,26370271.64046933,1.3748063334109968
tt0427229,Failure to Launch,2006,88715192,13544304,18401823.68803153,1.3586392987067868
tt0101862,Father of the Bride,1991,56229043,13356067,17264059.871046975,1.2926005740347797
tt0097351,Field of Dreams,1989,64431625,16148276,21730733.558178756,1.3456999098961866
tt2322441,Fifty Shades of Grey,2015,166167230,19711415,29316730.769230768,1.487297120436598
tt2277860,Finding Dory,2016,486295561,56219140,84720481.01045296,1.5069686411149823
tt0083944,First Blood,1982,43187630,14689670,18712144.71403813,1.273830161878254
tt0089155,Fletch,1985,46700000,13154929,18157076.205287717,1.3802488941816191
tt0076044,For the Love of Benji,1977,22257624,9980997,15360679.089026917,1.5389924562673365
tt0082398,For Your Eyes Only,1981,54800000,19712230,25206991.72033119,1.2787488640468982
tt4520988,Frozen II,2019,450439533,49174621,73673459.76447497,1.4982008659400745
tt0119190,George of the Jungle,1997,105263257,22933171,27419446.99140401,1.1956238843465656
tt0425061,Get Smart,2008,130319208,18150308,25309615.07088755,1.3944454865938116
tt0099653,Ghost,1990,217631306,51571399,69642017.92,1.3504000137750771
tt1289401,Ghostbusters,2016,128350574,14838216,22360727.17770035,1.506968706864784
tt6823368,Glass,2019,111048468,12123195,18162981.35426889,1.4982008747915785
tt0113189,GoldenEye,1995,93662146,21531527,25703113.611416027,1.19374318465272
tt0107048,Groundhog Day,1993,68504696,16547028,19827697.829232994,1.1982633877958624
tt0212985,Hannibal,2001,165092266,29168244,38992032.59329239,1.3367973949097651
tt0099739,Hard to Kill,1990,47381386,11227816,15162043.52,1.3504000706816
tt0097481,Harlem Nights,1989,55742999,13970676,18800336.930860035,1.3456998738543529
tt0417741,Harry Potter and the Half-Blood Prince,2009,301959197,40261226,58861441.91033138,1.4619883137769174
tt0076137,Herbie Goes to Monte Carlo,1977,28000000,12556053,19323671.49758454,1.5389925080424989
tt0076141,High Anxiety,1977,31063038,13929613,21437569.358178053,1.5389924585972383
tt0082517,History of the World: Part I,1981,31672000,11392805,14568537.25850966,1.2787489348329637
tt0104431,Home Alone 2: Lost in New York,1992,149350753,35988133,44502608.16448153,1.23659118866993
tt0102057,Hook,1991,91801514,21805585,28185911.57506908,1.2926005688482598
tt1411704,Hop,2011,108085305,13629925,20093940.323480204,1.4742517162405666
tt0104452,HouseSitter,1992,58500635,14096538,17431655.244338498,1.236591228593751
tt0251127,How to Lose a Guy in 10 Days,2003,105807520,17546852,24052630.143214367,1.370766114811612
tt2386490,How to Train Your Dragon: The Hidden World,2019,160799505,17554531,26300213.444553483,1.4982008601969192
tt0286716,Hulk,2003,132177234,21919939,30047109.34303251,1.3707661021790485
tt1375666,Inception,2010,292568851,37080970,56101409.58772771,1.5129434205126702
tt0454848,Inside Man,2006,88634237,13531944,18385031.52872848,1.3586393447037972
tt2096673,Inside Out,2015,356461711,42284900,62890210.127028935,1.48729712325272
tt0371746,Iron Man,2008,318412101,44347089,61839600.11652748,1.394445532073762
tt0070248,Jonathan Livingston Seagull,1973,1600000,903954,1506591.3370998115,1.666668145834646
tt0099938,Kindergarten Cop,1990,47391750,11230272,15165360.0,1.3504000615479304
tt3731562,Kong: Skull Island,2017,168052812,18734985,28668169.907881267,1.5301944414623907
tt0441773,Kung Fu Panda,2008,215434591,30004818,41840083.70557389,1.394445508903733
tt1302011,Kung Fu Panda 2,2011,165249063,20838469,30721149.470161743,1.4742517538194262
tt2267968,Kung Fu Panda 3,2016,143528619,16592903,25004985.88850174,1.506968725635396
tt0068828,Lady Sings the Blues,1972,19726490,11603817,19726490.0,1.7000000947963934
tt0146316,Lara Croft: Tomb Raider,2001,131144183,23170350,30974063.060935285,1.336797375133966
tt0091396,Legal Eagles,1986,49851591,13437086,19020065.24227394,1.4154903259734992
tt0073312,Love and Death,1975,20123742,9816459,15636163.170163171,1.592851675962093
tt0089530,Mad Max Beyond Thunderdome,1985,36230219,10205695,14086399.30015552,1.3802489002616207
tt0795421,Mamma Mia!,2008,144130063,20073825,27991855.311711013,1.394445518565147
tt0074860,Marathon Man,1976,28204261,13241437,20723189.566495225,1.5650257269279175
tt0822832,Marley & Me,2008,106664046,14855717,20715487.667508256,1.3944454964717123
tt0079540,Meatballs,1979,43000000,17131474,24769585.25345622,1.445852543304576
tt0290002,Meet the Fockers,2004,162461370,26161251,35966652.64556121,1.3748062982753084
tt1001526,Megamind,2010,144192018,18275287,27649476.12655801,1.5129434698649606
tt0119654,Men in Black,1997,250650052,54607854,65290453.76400104,1.1956238705883049
tt0077928,Midnight Express,1978,35000000,14957264,22435897.43589744,1.5000000960000062
tt0074899,Midway,1976,43220000,20291079,31756061.719324023,1.565025779029495
tt0117060,Mission: Impossible,1996,180981886,40946128,48248969.87470008,1.1783524409121195
tt4912910,Mission: Impossible - Fallout,2018,220159104,24166751,36662631.80682764,1.517069125544747
tt1229238,Mission: Impossible - Ghost Protocol,2011,141186646,17804117,26247749.7676148,1.4742517007507197
tt3521164,Moana,2016,210046114,24282787,36593399.65156794,1.5069686873902877
tt0892782,Monsters vs. Aliens,2009,198351526,26446870,38665014.81481481,1.461988311464261
tt0113855,Mortal Kombat,1995,70383146,16180033,19314804.06147091,1.193743180960812
tt0293429,Mortal Kombat,2021,42201013,4607097,6818712.7161092255,1.4800453986771334
tt0259446,My Big Fat Greek Wedding,2002,227898505,39225216,52975012.78475128,1.350534635290505
tt0102492,My Girl,1991,58011485,13779450,17811324.83880872,1.2926005637967204
tt0477347,Night at the Museum,2006,115822154,17682771,24024508.19332089,1.358639332790143
tt1078912,Night at the Museum: Battle of the Smithsonian,2009,177243721,23632496,34550432.943469785,1.4619883123420303
tt0113986,Nine Months,1995,69660733,16013961,19116556.805708013,1.1937431848190472
tt7146812,Onward,2020,61555145,6719993,9945895.136532558,1.4800454608408904
tt0081283,Ordinary People,1980,52302978,19443486,26536264.840182647,1.3647894642032117
tt0114069,Outbreak,1995,67823573,15591625,18612396.54226125,1.193743214210273
tt1623205,Oz the Great and Powerful,2013,234770996,28877121,42141625.560940586,1.4593430404970282
tt0120784,Payback,1999,81526121,16048449,20463383.785140563,1.275100402857657
tt0117333,Phenomenon,1996,104539127,23651386,27869668.62170088,1.1783524492687607
tt9047432,Pocahontas,1995,141551246,32540516,38845018.11196488,1.1937431512138552
tt0114148,Pocahontas,1995,141551246,32540516,38845018.11196488,1.1937431512138552
tt0084516,Poltergeist,1982,74706019,25410210,32368292.461005203,1.2738301832611854
tt0091790,Pretty in Pink,1986,40471663,10908804,15441305.990080122,1.4154902764849493
tt0100405,Pretty Woman,1990,178406268,42276366,57090005.76,1.3504000263409583
tt0081375,Private Benjamin,1980,69847348,25965556,35437518.01116185,1.3647894930946924
tt1446714,Prometheus,2012,126477084,15889080,23033524.676743764,1.4496449559536335
tt3116744,Prometheus,2012,126477084,15889080,23033524.676743764,1.4496449559536335
tt0087957,Purple Rain,1984,66524902,19799077,26781361.5136876,1.3526570715234654
tt0830515,Quantum of Solace,2008,166820413,23234040,32398604.19498932,1.394445571884585
tt0095953,Rain Man,1988,47175875,11478315,16681709.688826026,1.453323914601231
tt0089880,Rambo: First Blood Part II,1985,150415432,42370544,58481894.24572317,1.380248840933531
tt1192628,Rango,2011,123477607,15570947,22955494.88752557,1.4742516872946498
tt0382932,Ratatouille,2007,206445654,30006635,41638897.53933037,1.3876563479820505
tt2357291,Rio 2,2014,131538435,16100175,23235900.900900904,1.4432079713978825
tt0070608,Robin Hood,1973,32056467,18110998,30184997.17514124,1.6666666947421254
tt0093886,Roxanne,1987,39148164,10012318,14408599.1902834,1.4390872513521245
tt0163187,Runaway Bride,1999,152162347,29953217,38193360.19076305,1.275100440489015
tt2126355,San Andreas,2015,155190832,18409351,27380175.017642908,1.487297135985017
tt0362120,Scary Movie 4,2006,90710620,13848949,18815727.02758764,1.3586393471149063
tt0329575,Seabiscuit,2003,120277854,19946576,27342090.020459197,1.3707660914063242
tt0081480,Seems Like Old Times,1980,23200000,8624535,11770674.784373414,1.364789496984291
tt0126029,Shrek,2001,267655011,47288871,63215637.93103448,1.3367973604409902
tt0892791,Shrek Forever After,2010,238736787,30258148,45778866.15532119,1.5129434278436733
tt3470600,Sing,2016,166497820,19248302,29006588.85017421,1.5069687108075411
tt0076723,Slap Shot,1977,28000000,12556053,19323671.49758454,1.5389925080424989
tt0070707,Sleeper,1973,18344729,10364253,17273756.120527305,1.6666667747812896
tt0162661,Sleepy Hollow,1999,92839722,18275535,23303143.07228916,1.2751004592910224
tt3778644,Solo: A Star Wars Story,2018,213767512,23465149,35598253.45545379,1.5170691417921016
tt0108185,Sommersby,1993,50081992,12097099,14495511.432706222,1.1982634375982393
tt3794354,Sonic the Hedgehog,2020,146066470,15946121,23600980.772338018,1.4800452581752024
tt0117705,Space Jam,1996,85442296,19330836,22778537.989869367,1.1783524514857695
tt0316654,Spider-Man 2,2004,373524485,60148870,82693045.16271861,1.3748062958243208
tt0090056,Spies Like Us,1985,43754210,12325129,17011745.723172627,1.380248898260832
tt0088161,Splash,1984,62599495,18630802,25201084.943639293,1.3526570108811895
tt0094025,Stakeout,1987,65673233,16796223,24171230.401177768,1.4390872520076547
tt0092007,Star Trek IV: The Voyage Home,1986,83867664,22605839,31998345.66959176,1.415490292998714
tt0086361,Staying Alive,1983,63841474,20267134,26801626.364399664,1.3224181753769262
tt0838283,Step Brothers,2008,100468793,13992868,19512292.289765004,1.3944455339509387
tt0120855,Tarzan,1999,170904824,33642681,42897797.18875502,1.2751004353296047
tt6723592,Tenet,2020,57929000,6324126,9359993.536920344,1.4800453907655131
tt0103064,Terminator 2: Judgment Day,1991,201858746,47947445,61976894.68836352,1.292600568984719
tt0101272,The Addams Family,1991,110159219,26166085,33822296.284924775,1.2926005661498376
tt0078767,The Amityville Horror,1979,86432520,34435266,49788317.97235023,1.445852573705986
tt0085244,The Big Chill,1983,43738171,13885133,18361952.56087321,1.3224181980016478
tt0080453,The Blue Lagoon,1980,47923795,17815537,24314457.12836124,1.3647894603660409
tt0372183,The Bourne Supremacy,2004,176087450,28355466,38983274.29709984,1.374806335297041
tt0115798,The Cable Guy,1996,60240295,13629026,16059796.054385498,1.1783524409143762
tt1457767,The Conjuring,2013,137400141,16900386,24663460.958535276,1.4593430563381968
tt0068421,The Cowboys,1972,7500000,4411764,7500000.0,1.7000002720000436
tt0319262,The Day After Tomorrow,2004,186740799,30070982,41341775.29333628,1.374806293101312
tt0075925,The Deep,1977,50681884,22727302,34977145.617667355,1.5389924249551203
tt0407887,The Departed,2006,120359613,18375513,24965694.461729933,1.358639318626366
tt1320253,The Expendables,2010,103068524,13063184,19763858.86864813,1.512943465287493
tt0082405,The Four Seasons,1981,42488161,15283511,19543772.309107635,1.2787488626865668
tt0071562,The Godfather: Part II,1974,57300000,30641711,48600508.905852415,1.586089918603188
tt1343092,The Great Gatsby,2013,144840419,17815549,25998998.20499013,1.459343083111844
tt0095253,The Great Outdoors,1988,41455230,10086430,14658850.777934937,1.453323998474677
tt0071583,The Groove Tube,1974,20447000,10934224,17342663.27396098,1.5860899935798811
tt0104389,The Hand that Rocks the Cradle,1992,88036683,21213658,26232623.06317044,1.2365912122826923
tt0073113,The Hindenburg,1975,27945225,13631817,21713461.53846154,1.5928516014014522
tt0903624,The Hobbit: An Unexpected Journey,2012,263834893,33145087,48048605.53633218,1.4496448760666154
tt0116583,The Hunchback of Notre Dame,1996,100138851,22655848,26696574.51346308,1.1783524727683146
tt9799878,The Hunchback of Notre Dame,1996,100138851,22655848,26696574.51346308,1.1783524727683146
tt1951265,The Hunger Games: Mockingjay - Part 1,2014,323734502,39624786,57186804.80480481,1.443207915490189
tt0800080,The Incredible Hulk,2008,134806913,18775336,26181183.336570207,1.3944455287814932
tt1051906,The Invisible Man,2020,64914050,7086686,10488616.900953304,1.480045383830087
tt0087538,The Karate Kid,1984,90815558,27028439,36560208.53462158,1.352657048918792
tt1155076,The Karate Kid,2010,176591618,22381701,33862246.979865775,1.5129434076465311
tt0095489,The Land Before Time,1988,43116921,10490735,15246435.997171149,1.4533239088749403
tt0070290,The Last Detail,1973,10000000,5649717,9416195.856873823,1.6666668183333473
tt1490017,The Lego Movie,2014,257784718,31552597,45536957.78131072,1.4432079166513845
tt0071771,The Longest Yard,1974,43008075,22998970,36478435.114503816,1.5860899472673695
tt0071807,The Man with the Golden Gun,1974,21000000,11229946,17811704.834605597,1.586089980718126
tt0120616,The Mummy,1999,155385488,30587694,39002381.52610442,1.2751004219574191
tt0859163,The Mummy: Tomb of the Dragon Emperor,2008,102491776,14274621,19905180.81180812,1.3944454855794852
tt0087781,The Natural,1984,47951979,14271422,19304339.37198068,1.35265703529618
tt4682266,The New Mutants,2020,23855569,2604319,3854511.0680239135,1.4800456733694731
tt0075005,The Omen,1976,48570885,22803232,35687645.11388685,1.5650257434510533
tt0075029,The Outlaw Josey Wales,1976,27000000,12676056,19838354.151359294,1.5650257581190312
tt0335345,The Passion of the Christ,2004,370274604,59625540,81973567.4119991,1.3748062895866286
tt0072081,The Return of the Pink Panther,1975,41833347,20406510,32504543.123543125,1.5928516499657768
tt0117500,The Rock,1996,134069511,30332468,35742338.30978406,1.1783524607949496
tt0472181,The Smurfs,2011,142614158,17984130,26513135.89886596,1.4742517930456442
tt0111255,The Specialist,1994,56157168,13764011,15841232.15796897,1.1509168481461522
tt1259571,The Twilight Saga: New Moon,2009,287954655,38393954,56131511.69590643,1.4619883040935673
tt0068341,The Valachi Papers,1972,17106087,10062404,17106087.0,1.700000019875966
tt0368447,The Village,2004,114197520,18389294,25281717.95439451,1.3748063386443496
tt0120888,The Wedding Singer,1998,80245725,17109962,20586384.043099023,1.2031811668020669
tt1981115,Thor: The Dark World,2013,203449204,25024502,36519332.97433136,1.459343046040691
tt0072288,Thunderbolt and Lightfoot,1974,25000000,13368983,21204410.517387617,1.5860900202646393
tt0100802,Total Recall,1990,119383540,28289938,38202732.8,1.3504000185507652
tt0435761,Toy Story 3,2010,415004880,52598844,79579075.7430489,1.5129434354688271
tt1979376,Toy Story 4,2019,434038008,47384062,70990842.0019627,1.4982008507831748
tt1399103,Transformers: Dark of the Moon,2011,352390543,44437647,65512277.93270125,1.474251729230876
tt1055369,Transformers: Revenge of the Fallen,2009,402111870,53614916,78384380.11695907,1.4619883040935673
tt1679335,Trolls,2016,150130292,17356103,26155103.135888506,1.5069686516546084
tt1104001,TRON: Legacy,2010,131304844,16641932,25178301.821668264,1.5129434383981537
tt0111503,True Lies,1994,146282411,35853532,41264431.87588152,1.1509167876649231
tt1099212,Twilight,2008,176922850,24641065,34360623.42202369,1.3944455494120769
tt0117998,Twister,1996,241688385,54680630,64433053.85230605,1.178352441299708
tt0098554,Uncle Buck,1989,66758538,16731463,22515527.15008432,1.3456998440652987
tt0358273,Walk the Line,2005,91742439,14312392,19645061.884368308,1.3725911003812856
tt0407304,War of the Worlds,2005,234280354,36549197,50167099.35760172,1.3725910136302506
tt0114898,Waterworld,1995,88246220,20286487,24216855.10428101,1.1937431603747366
tt0070909,Westworld,1973,3000000,1694915,2824858.757062147,1.666666916666704
tt7126948,Wonder Woman 1984,2020,28500000,3111353,4604944.255937954,1.4800455801504857
tt3385516,X-Men: Apocalypse,2016,155442489,17970229,27080572.99651568,1.5069687201268098
tt0072431,Young Frankenstein,1974,86300000,46149732,73197625.10602205,1.5860899280199947
tt0096487,Young Guns,1988,44726644,10882395,15815644.978783593,1.4533239216903626
tt0128853,You've Got Mail,1998,78028953,16637303,20017689.32786044,1.2031811482822932
tt2948356,Zootopia,2016,341268248,39452976,59454398.60627177,1.5069686658434025
tt1232829,21 Jump Street,2012,138447667,17392922,25213561.64633036,1.449644955938419
tt0095159,A Fish Called Wanda,1988,63493000,15448418,22451555.869872704,1.4533239500557729
tt0095742,A Nightmare on Elm Street 4: The Dream Master,1988,49369899,12012140,17457531.471004244,1.453324009793779
tt0070819,A Touch of Class,1973,16800000,9491525,15819209.039548025,1.666666741071432
tt0112281,Ace Ventura: When Nature Calls,1995,104371496,23993447,28642013.17233809,1.1937431571352832
tt0075629,Across the Great Divide,1976,18800000,8826291,13813372.52020573,1.5650257305368394
tt0071110,Airport 1975,1974,47285152,25286177,40106150.97540288,1.5860899405791111
tt0078748,Alien,1979,60150933,23964515,34649154.95391705,1.4458525429751885
tt0086873,All of Me,1984,35243581,10489161,14188237.117552334,1.3526570063661274
tt0952640,Alvin and the Chipmunks,2007,153632443,22330297,30986777.531262606,1.3876563097778147
tt0765429,American Gangster,2007,129150735,18771909,26048958.24929407,1.387656324633476
tt0328828,American Wedding,2003,104354205,17305838,23722256.19458968,1.3707661076331397
tt0118615,Anaconda,1997,65598907,14291700,17087498.567335244,1.1956239332854206
tt0808151,Angels & Demons,2009,133375846,17783446,25999190.253411308,1.4619883150549848
tt0083564,Annie,1982,57059003,19407824,24722271.663778163,1.2738301658021096
tt0080377,Any Which Way You Can,1980,70687344,26277823,35863695.58599696,1.364789449491191
tt6590506,Apollo 13,1995,172036360,39548588,47210856.20197585,1.1937431546728254
tt0112384,Apollo 13,1995,172036360,39548588,47210856.20197585,1.1937431546728254
tt0082031,Arthur,1981,75312238,27090733,34642243.790248394,1.2787488544606156
tt0103776,Batman Returns,1992,162833635,39237020,48520153.45649583,1.236591195164562
tt0101414,Beauty and the Beast,1991,82470981,19589306,25321148.603008904,1.2926005956009317
tt0389790,Bee Movie,2007,124518342,18098596,25114631.30294473,1.387656329968619
tt0071206,Benji,1974,31559560,16876770,26768074.63952502,1.586089911726297
tt0094737,Big,1988,112555170,27385686,39800272.27722772,1.4533239107914888
tt0082089,Body Heat,1981,24058000,8653956,11066237.35050598,1.2787489733603892
tt0397892,Bolt,2008,109917145,15308795,21347280.05437949,1.3944454840749705
tt0103859,Boomerang,1992,70052444,16880106,20873791.418355186,1.236591252350855
tt0112573,Braveheart,1995,67019456,15406771,18391727.771679472,1.1937431777028082
tt0086998,Breakin',1984,36100000,10744047,14533011.272141706,1.3526570827679465
tt0080472,Bronco Billy,1980,24265659,9020691,12311343.98782344,1.3647894587923963
tt0082121,Bustin' Loose,1981,31261000,11244964,14379484.820607176,1.2787488533184437
tt0080487,Caddyshack,1980,39846344,14812767,20216308.472856417,1.3647894733547363
tt9347730,Candyman,2021,61181560,6679209,9885532.396186782,1.4800453760597672
tt0112642,Casper,1995,100328194,23063952,27532435.23600439,1.193743172722714
tt0800320,Clash of the Titans,2010,163214888,20686298,31297198.082454454,1.512943402558276
tt1985966,Cloudy with a Chance of Meatballs 2,2013,117614237,14466695,21111871.656794112,1.459343108899034
tt0094889,Cocktail,1988,78222753,19032300,27660096.534653462,1.4533239038189534
tt0369339,Collateral,2004,100170152,16130459,22176256.80761567,1.3748063094556495
tt0077362,Coming Home,1978,32653000,13954273,20931410.256410256,1.5000000542063536
tt0112715,Congo,1995,81022333,18625823,22234449.23161361,1.193743182871093
tt0068408,Conquest of the Planet of the Apes,1972,9700000,5705882,9700000.0,1.7000001051546456
tt3104988,Crazy Rich Asians,2018,174519335,19156897,29062337.21898418,1.5170691380229366
tt0112740,Crimson Tide,1995,91387195,21008550,25078813.117453348,1.1937431720634384
tt3228774,Cruella,2021,86103234,9399916,13912301.50266602,1.480045300688434
tt0106673,Dave,1993,63270710,15282780,18312795.94790159,1.198263401547467
tt2103281,Dawn of the Planet of the Apes,2014,208545589,25525775,36839001.76647236,1.443207963968669
tt0071402,Death Wish,1974,22000000,11764705,18659881.255301103,1.5860900256573456
tt1323594,Despicable Me,2010,251203225,31838178,48169362.41610739,1.512943435899736
tt0246460,Die Another Day,2002,153770825,26466579,35744031.84565319,1.350534643924067
tt0095016,Die Hard,1988,74138586,18038585,26215907.355021216,1.4533239361635746
tt0109635,Disclosure,1994,51713349,12674840,14587686.600846265,1.1509168242633645
tt0118998,Doctor Dolittle,1998,144155259,30736728,36981851.97537199,1.2031811575835911
tt1211837,Doctor Strange,2016,230107790,26602056,40088465.15679442,1.5069686777892062
tt0364725,Dodgeball: A True Underdog Story,2004,114326736,18410102,25310324.5516936,1.374806318383983
tt6673612,Dolittle,2020,77047065,8411251,12449032.961706253,1.480045353741822
tt1059786,Eagle Eye,2008,101401695,14122799,19693473.489998057,1.3944454983745118
tt0071455,Earthquake,1974,79700000,42620320,67599660.72943172,1.586089938541797
tt0195685,Erin Brockovich,2000,125548685,23292891,30487781.690140843,1.308887835783924
tt0076009,Exorcist II: The Heretic,1977,25011000,11215695,17260869.56521739,1.5389924177875192
tt0074512,Family Plot,1976,13200000,6197183,9698750.918442322,1.565025741283148
tt0120667,Fantastic Four,2005,154696080,24133553,33125498.92933619,1.3725910531837642
tt0104231,Far and Away,1992,58883840,14188877,17545840.286054827,1.2365911894263957
tt1013752,Fast & Furious,2009,155064265,20675235,30226952.2417154,1.4619883276642516
tt0266543,Finding Nemo,2003,339714367,56337374,77225361.90043192,1.370766090383125
tt0080745,Flash Gordon,1980,27107960,10077308,13753404.363267375,1.364789521493972
tt0087277,Footloose,1984,80000000,23809523,32206119.162640903,1.3526570508212576
tt0109830,Forrest Gump,1994,298535927,73170570,84213237.51763047,1.1509167896003882
tt0077578,Foul Play,1978,40415179,17271444,25907166.025641024,1.500000001484591
tt6264654,Free Guy,2021,121498751,13264055,19631402.64986266,1.4800453292648936
tt0106965,Free Willy,1993,77698625,18767783,22488748.191027496,1.1982634385226798
tt0073026,Funny Lady,1975,40055897,19539461,31123463.09246309,1.592851670394751
tt0074564,Gator,1976,11000000,5164319,8082292.432035268,1.5650257917907993
tt3741700,Godzilla: King of the Monsters,2019,110500138,12063334,18073297.023225386,1.4982008309829924
tt0087355,Grand Canyon: The Hidden Secrets,1984,52800000,15714285,21256038.647342995,1.35265706631533
tt1454468,Gravity,2013,255621667,31441779,45884341.59037875,1.4593430476811995
tt0087363,Gremlins,1984,148168459,44097755,59649138.08373591,1.3526570249151213
tt0082495,Halloween II,1981,25533818,9184826,11745086.476540938,1.278748936184631
tt0366548,Happy Feet,2006,175967627,26865286,36500233.76892761,1.3586393150226508
tt0330373,Harry Potter and the Goblet of Fire,2005,275132632,42922407,58914910.49250536,1.3725910220390334
tt0304141,Harry Potter and the Prisoner of Azkaban,2004,249538952,40183406,55244399.38011955,1.3748062914358117
tt0068699,High Plains Drifter,1973,15700000,8870056,14783427.495291902,1.666666760084931
tt0386588,Hitch,2005,177784257,27735453,38069434.04710921,1.372591031670159
tt0077696,Hooper,1978,51290536,21919032,32878548.71794872,1.5000000327545813
tt1499658,Horrible Bosses,2011,117538559,14822012,21851377.39356758,1.4742517678144895
tt0102059,Hot Shots!,1991,68267322,16215515,20960184.8326681,1.2926006255532494
tt0837562,Hotel Transylvania,2012,146172361,18363361,26620353.48752504,1.4496449472144584
tt0077699,House Calls,1978,29000000,12393162,18589743.589743588,1.5000000475862083
tt0480249,I Am Legend,2007,206129574,29960694,41575146.02662364,1.3876563081824351
tt0097576,Indiana Jones and the Last Crusade,1989,197171806,49416492,66499765.93591906,1.3456998512949698
tt0816692,Interstellar,2014,182802094,22374797,32291484.543366898,1.4432079336123986
tt1228705,Iron Man 2,2010,312433331,39598648,59910514.09395973,1.5129434240775022
tt0116669,Jack,1996,58554258,13247569,15610306.051719544,1.178352500124328
tt1116184,Jackass 3D,2010,117109417,14842765,22456264.046021093,1.512943447263437
tt0089360,Jagged Edge,1985,38768101,10920591,15073134.136858476,1.38024893862049
tt4196776,Jason Bourne,2016,162192920,18750626,28256606.271777004,1.50696868850016
tt0068762,Jeremiah Johnson,1972,44693786,26290462,44693786.0,1.700000022821965
tt0116695,Jerry Maguire,1996,83338125,18854779,22217575.3132498,1.1783524650832449
tt0116705,Jingle All the Way,1996,57213524,12944236,15252872.300719809,1.178352457473721
tt0068768,Joe Kidd,1972,6330000,3723529,6330000.0,1.7000001879937017
tt6146586,John Wick: Chapter 3 - Parabellum,2019,171015687,18669834,27971162.414131504,1.4982009167372086
tt7286456,Joker,2019,333772511,36438047,54591513.084723584,1.4982008526616035
tt2283362,Jumanji: Welcome to the Jungle,2017,169002557,18840865,28830187.137495734,1.530194454314902
tt0107290,Jurassic Park,1993,338700740,81811772,98032052.0984081,1.1982634002647945
tt0974015,Justice League,2017,225546295,25144514,38475997.09996588,1.5301945028631645
tt0360717,King Kong,2005,168505310,26287879,36082507.49464668,1.3725910521212716
tt1327773,Lee Daniels' The Butler,2013,116293662,14304263,20874827.140549272,1.4593430741974802
tt0104714,Lethal Weapon 3,1992,144731527,34875066,43126199.94040525,1.2365912064626703
tt0122151,Lethal Weapon 4,1998,130444603,27813348,33464495.382247303,1.20318112663917
tt0443272,Lincoln,2012,144089046,18101638,26240948.09688581,1.4496449490861445
tt3315342,Logan,2017,226277068,25225983,38600659.84305698,1.5301944761897674
tt0070337,Lost Horizon,1973,3000000,1694915,2824858.757062147,1.666666916666704
tt2872732,Lucy,2014,126573960,15492528,22358940.116587177,1.4432079849452055
tt0071788,Macon County Line,1974,18800000,10053475,15945716.709075486,1.586090054341955
tt0351283,Madagascar,2005,193595521,30202109,41455143.68308351,1.3725910228018685
tt1915581,Magic Mike,2012,113721571,14286629,20710539.246038973,1.449644926458087
tt1587310,Maleficent,2014,241407328,29548020,42643937.113584176,1.443207941296377
tt0093493,Mannequin,1987,38018000,9723273,13992638.94000736,1.43908732584258
tt0110478,Maverick,1994,101631272,24909625,28668906.064880118,1.1509168068519744
tt1409024,Men in Black 3,2012,179020854,22490057,32602595.884174105,1.4496448756965847
tt0100157,Misery,1990,45211319,10713582,14467622.08,1.3504000884111402
tt0280590,Mr. Deeds,2002,126293452,21737255,29356915.853091583,1.3505346398655942
tt0107614,Mrs. Doubtfire,1993,122765084,29653401,35532585.81765557,1.1982634240725227
tt0368891,National Treasure,2004,154522305,24882818,34209055.78924064,1.3748063338019287
tt0465234,National Treasure: Book of Secrets,2007,170870795,24835871,34463653.69100443,1.3876563334945826
tt2004420,Neighbors,2014,150086800,18370477,26512418.300653595,1.443207941778191
tt2382320,No Time to Die,2021,143010207,15612468,23107158.99175957,1.4800452427995094
tt1670345,Now You See Me,2013,117723989,14480195,21131572.24914737,1.459343071633177
tt0144528,Nutty Professor II: The Klumps,2000,123307945,22877169,29943648.615832925,1.3088878530308066
tt0086034,Octopussy,1983,67900000,21555555,28505457.59865659,1.3224181701030937
tt0082853,Only When I Laugh,1981,25782304,9274210,11859385.464581417,1.278748859965584
tt0400717,Open Season,2006,85105259,12993169,17653030.28417341,1.3586393191817494
tt0093690,Outrageous Fortune,1987,52864741,13520394,19457026.49981597,1.4390872410830613
tt0089767,Pale Rider,1985,41410568,11664948,16100531.881804043,1.3802489202527128
tt0070511,Papillon,1973,53267000,30094350,50157250.47080979,1.6666666823111245
tt0098084,Pet Sematary,1989,57469179,14403303,19382522.42833052,1.3456998320684166
tt1790809,Pirates of the Caribbean: Dead Men Tell No Tales,2017,172558876,19237332,29436860.45718185,1.530194543462776
tt1298650,Pirates of the Caribbean: On Stranger Tides,2011,241071802,30399975,44817215.46755903,1.4742517211793442
tt0133152,Planet of the Apes,2001,179841538,31774123,42475564.0056684,1.3367973682757004
tt0117381,Primal Fear,1996,56073633,12686342,14948982.404692082,1.1783524679290596
tt0100419,Problem Child,1990,53470891,12670827,17110685.12,1.3504000267701548
tt0086154,Psycho II,1983,32000000,10158730,13434089.00083963,1.3224181566829347
tt0073600,Race with the Devil,1975,12000000,5853658,9324009.324009323,1.5928517388630026
tt0087985,Red Dawn,1984,38900000,11577380,15660225.44283414,1.3526571161034828
tt1408253,Ride Along,2014,134202565,16426262,23706512.10033563,1.443207961758776
tt0955308,Robin Hood,2010,105487148,13369727,20227641.035474595,1.5129434606611336
tt0093870,RoboCop,1987,53424681,13663601,19663114.096429884,1.4390872579219698
tt0089927,Rocky IV,1985,105524891,29725321,41028340.20217729,1.3802488525583052
tt0073631,Rollerball,1975,30000000,14634146,23310023.31002331,1.592851630018131
tt0088011,Romancing the Stone,1984,75078260,22344720,30224742.3510467,1.3526570192442198
tt0120812,Rush Hour,1998,137567454,29332079,35291804.515135966,1.20318114904627
tt0266915,Rush Hour 2,2001,226164286,39958354,53416222.484648086,1.3367973686966206
tt0293564,Rush Hour 3,2007,140125968,20367146,28262599.43525615,1.3876563478877282
tt0091877,Ruthless People,1986,71624879,19305897,27327309.80541778,1.415490293220656
tt0944835,Salt,2010,118311368,14995104,22686743.62416108,1.512943399669724
tt0076666,Saturday Night Fever,1977,137778374,61784024,95085144.2374051,1.5389924139192537
tt0432348,Saw II,2005,87014325,13574777,18632617.773019277,1.3725910763041833
tt0306047,Scary Movie 3,2003,109563395,18169717,24906432.143669017,1.3707661018423687
tt0267913,Scooby-Doo,2002,153294164,26384537,35633231.9851232,1.3505346705581076
tt0120082,Scream 2,1997,85520969,18632019,22276886.94972649,1.19562388540536
tt0096061,Scrooged,1988,54916587,13361699,19418878.00565771,1.4533240125868507
tt0307453,Shark Tale,2004,160762022,25887604,35590441.00066415,1.374806297278966
tt0988045,Sherlock Holmes,2009,138715437,18495392,27040046.19883041,1.461988272475134
tt0298148,Shrek 2,2004,441226247,71050925,97681259.02147442,1.3748062959275256
tt1130884,Shutter Island,2010,128012934,16224706,24547063.08724832,1.512943475662876
tt0286106,Signs,2002,227750028,39199660,52940499.30264994,1.35053465521512
tt0102945,Sleeping with the Enemy,1991,101599005,24132780,31194045.13355849,1.2926005679229036
tt0108160,Sleepless in Seattle,1993,126680884,30599247,36665957.74240232,1.1982633998281826
tt0076729,Smokey and the Bandit,1977,126737428,56832927,87465443.75431332,1.5389924181507195
tt3554046,Space Jam: A New Legacy,2021,70528072,7699571,11395713.685571177,1.4800452759733205
tt0111257,Speed,1994,121248145,29717682,34202579.68970381,1.150916807364175
tt0413300,Spider-Man 3,2007,336530303,48914288,67876220.85518354,1.387656319461985
tt2660888,Star Trek Beyond,2016,158848340,18363969,27673926.82926829,1.506968718432725
tt1408101,Star Trek Into Darkness,2013,228778661,28140056,41065995.51247532,1.4593430628736246
tt0111282,Stargate,1994,68863917,16878411,19425646.544428773,1.150916786208653
tt0081562,Stir Crazy,1980,101300000,37657992,51395230.84728564,1.3647894674598062
tt1398426,Straight Outta Compton,2015,161197785,19121920,28439976.182074804,1.4872971010272402
tt1650062,Super 8,2011,127004179,16015659,23611113.40397844,1.4742517559832184
tt0829482,Superbad,2007,121463226,17654538,24498432.02904397,1.3876563651251574
tt0348150,Superman Returns,2006,200120000,30552671,41510060.153495125,1.358639320061252
tt0256415,Sweet Home Alabama,2002,126086880,21701700,29308898.18688982,1.350534667186894
tt1397280,Taken 2,2012,139284764,17498085,25366010.56273903,1.4496449504468076
tt0075314,Taxi Driver,1976,27883896,13091030,20487800.14695077,1.5650258342506869
tt0086425,Terms of Endearment,1983,42968996,13640951,18039041.141897563,1.3224181467917862
tt0072610,The Adventures of the Wilderness Family,1975,28819175,14058134,22392521.367521368,1.5928516094327574
tt0078869,The Black Hole,1979,35841901,14279641,20646256.33640553,1.4458526188722485
tt0078872,The Black Stallion,1979,37799643,15059618,21773987.90322581,1.4458526041779949
tt0185937,The Blair Witch Project,1999,140539099,27665176,35275878.26305221,1.2751004462452078
tt0452594,The Break-Up,2006,118703275,18122637,24622127.152043145,1.3586393167861357
tt0112579,The Bridges of Madison County,1995,70107178,16116592,19239071.899012078,1.1937431870839736
tt7504726,The Call of the Wild,2020,62342368,6805935,10073092.26046211,1.4800453222756478
tt0077321,The Cheap Detective,1978,28221552,12060492,18090738.46153846,1.5000000382686265
tt0078966,The China Syndrome,1979,35708042,14226311,20569148.61751152,1.4458525908446345
tt0468569,The Dark Knight,2008,531001578,73955652,103127127.20916682,1.3944455145790189
tt0377818,The Dukes of Hazzard,2005,80270227,12522656,17188485.438972164,1.3725910413072246
tt0079100,The Electric Horseman,1979,42670138,17000054,24579572.580645163,1.4458526179178703
tt0070047,The Exorcist,1973,193000000,109039548,181732580.0376648,1.6666666670120898
tt2582846,The Fault in Our Stars,2014,124872350,15284253,22058355.414237767,1.4432079483529727
tt0116313,The First Wives Club,1996,104670012,23680998,27904561.98347108,1.178352448806046
tt0068638,The Getaway,1972,36734619,21608599,36734619.0,1.700000032394511
tt0076095,The Goodbye Girl,1977,82919638,37183694,57225423.05037957,1.5389924156104438
tt0071577,The Great Gatsby,1974,26533200,14188877,22504834.60559796,1.5860899072983692
tt0391198,The Grudge,2004,110359362,17771233,24432003.98494576,1.3748063505186028
tt2404463,The Heat,2013,159581587,19628731,28645052.41428828,1.4593430626915351
tt0079367,The Jerk,1979,73691419,29359131,42448974.078341015,1.445852538290081
tt0089370,The Jewel of the Nile,1985,43741096,12321435,17006646.967340592,1.3802488888137292
tt3040964,The Jungle Book,2016,364001123,42081054,63414829.79094076,1.5069686655410477
tt4116284,The Lego Batman Movie,2017,175750384,19593131,29981300.580006823,1.530194463560052
tt0068853,The Life and Times of Judge Roy Bean,1972,16530578,9723869,16530578.0,1.7000000719878066
tt0398165,The Longest Yard,2005,158119460,24667622,33858556.745182015,1.3725910322925337
tt0167260,The Lord of the Rings: The Return of the King,2003,290425213,48163385,66020734.93975904,1.370766090044523
tt0119567,The Lost World: Jurassic Park,1997,229086679,49909951,59673529.304506384,1.1956238807869473
tt0234215,The Matrix Reloaded,2003,281553689,46692154,64004021.141168445,1.370766085050787
tt0395699,The Pacifier,2005,113006880,17629778,24198475.37473233,1.3725910431051562
tt2452042,The Peanuts Movie,2015,128235584,15211813,22624485.532815807,1.487297111318408
tt0107798,The Pelican Brief,1993,71485956,17267139,20690580.60781476,1.198263395448126
tt7798646,The Photograph,2020,20578185,2246526,3324961.221522055,1.4800457335112325
tt0383216,The Pink Panther,2006,82226474,12553660,17055895.87222568,1.358639302978229
tt0069113,The Poseidon Adventure,1972,93300000,54882352,93300000.0,1.7000000291532695
tt0368933,The Princess Diaries 2: Royal Engagement,2004,95149435,15321970,21064740.978525568,1.3748063061424587
tt0111070,The Santa Clause,1994,137826098,33780906,38879012.12976023,1.150916796895863
tt0304669,The Santa Clause 2,2002,138277797,23799965,32142677.12691772,1.3505346384718513
tt0452681,The Santa Clause 3: The Escape Clause,2006,83549047,12755579,17330231.694669157,1.3586393604452731
tt0070735,The Sting,1973,159616327,90178715,150297859.6986817,1.6666666818071394
tt0164184,The Sum of All Fears,2002,118471320,20390932,27538661.087866116,1.3505346929638191
tt0088247,The Terminator,1984,36081923,10738667,14525733.89694042,1.352657075309293
tt0084809,The Toy,1982,30502112,10374868,13215819.757365683,1.2738301593201653
tt0084917,The World According to Garp,1982,30207324,10274600,13088095.320623918,1.273830155979203
tt3501632,Thor: Ragnarok,2017,311225150,34696226,53091973.72910269,1.530194486544522
tt0081633,Time Bandits,1981,33596404,12085037,15453727.690892365,1.2787488934367652
tt0120338,Titanic,1997,157467971,34306747,41017965.87653035,1.1956238776159789
tt0073812,Tommy,1975,34251525,16708060,26613461.53846154,1.5928516858606887
tt0092099,Top Gun,1986,171626614,46260542,65481348.34032812,1.41549029711602
tt0120363,Toy Story 2,1999,208880039,41118117,52429728.66465864,1.2751004299311333
tt3371366,Transformers: The Last Knight,2017,130168683,14511558,22205507.16479017,1.53019456386352
tt0942385,Tropic Thunder,2008,110515313,15392105,21463451.738201592,1.3944455120467014
tt0332452,Troy,2004,133298577,21465149,29510422.18286473,1.3748063049953545
tt0141926,U-571,2000,77086030,14301675,18719288.48955804,1.3088878393305703
tt0217869,Unbreakable,2000,90033796,16703858,21863476.444876157,1.3088878296783983
tt10059518,Unhinged,2020,20831465,2274177,3365885.441913072,1.4800455030162871
tt0105699,Unlawful Entry,1992,57138719,13768366,17025839.98808105,1.2365911821403537
tt1270797,Venom,2018,213429141,23428006,35541905.24562864,1.5170691541409302
tt3450958,War for the Planet of the Apes,2017,146880162,16374600,25056322.41555783,1.5301944728761516
tt0103241,What About Bob?,1991,63710000,15133016,19560945.655511204,1.292600606218298
tt0161081,What Lies Beneath,2000,155464351,28843107,37752392.180670224,1.308887845566368
tt0207201,What Women Want,2000,115761883,21477158,28111190.626517724,1.3088878252195997
tt0098635,When Harry Met Sally...,1989,92635717,23216971,31243074.873524453,1.3456998707335446
tt0114924,While You Were Sleeping,1995,81057016,18633796,22243967.069154773,1.1937431894797377
tt0120891,Wild Wild West,1999,113805681,22402693,28565682.98192771,1.2751004078807715
tt0096446,Willow,1988,57269863,13934273,20251012.376237623,1.4533239284344166
tt0816711,World War Z,2013,202359711,24890493,36323767.90522348,1.459343047372484
tt1772341,Wreck-It Ralph,2012,178501640,22424829,32508038.60863231,1.449644882849823
